meme_id,image_path,blip_caption
110001,training/memes/110001.jpeg,two posters with different characters of albert einstein and the same person
110002,training/memes/110002.jpeg,a group of men in suits and ties standing next to each other
110003,training/memes/110003.jpeg,a close up of a person holding a microphone in front of a poster
110004,training/memes/110004.jpeg,a map of the world with different languages and pictures of people
110005,training/memes/110005.jpeg,three women sitting on a bench with a beer in their hand
110006,training/memes/110006.jpeg,a cartoon of a woman in a blue mask and a man in a black hat
110007,training/memes/110007.jpeg,a picture of a picture of jesus sitting on a bench with people
110008,training/memes/110008.jpeg,a cartoon picture of a woman with a pink scarf and a pink purse
110009,training/memes/110009.jpeg,a close up of a godzilla attacking a crab on a beach
110010,training/memes/110010.jpeg,"a collage of the characters of the movie, the avengers and the wonder twins"
110011,training/memes/110011.jpeg,a poster with a woman in a bandana and a brick wall
110012,training/memes/110012.jpeg,a woman in a pink dress is talking to someone in a mirror
110013,training/memes/110013.jpeg,a cartoon of a man with a beard and glasses next to another man with a beard
110014,training/memes/110014.jpeg,there is a skeleton sitting on a bench with a heart in it
110015,training/memes/110015.jpeg,a cartoon of a woman cutting a piece of paper with a knife
110016,training/memes/110016.jpeg,a close up of a group of sheep with purple coats
110017,training/memes/110017.jpeg,a woman laughing while holding a chocolate bar in her hand
110018,training/memes/110018.jpeg,a poster with a picture of a girl and a boy in the background
110019,training/memes/110019.jpeg,arafed woman sitting on a couch with a dog in her lap
110020,training/memes/110020.jpeg,"a cartoon picture of a group of people with the words,'dia de la mujer expect"
110021,training/memes/110021.jpeg,a close up of a person with a cartoon on a poster
110022,training/memes/110022.jpeg,a black and white image of a man with a mustache and a tie
110023,training/memes/110023.jpeg,there is a man holding a camera in front of a building
110024,training/memes/110024.jpeg,arafed image of a man kissing a woman with a caption in spanish
110025,training/memes/110025.jpeg,there are four different types of people with beards and mustaches
110026,training/memes/110026.jpeg,batman the animated movie is being watched on twitter
110027,training/memes/110027.jpeg,a close up of a man with a beard and sunglasses talking to a camera
110028,training/memes/110028.jpeg,a close up of a person on a cell phone with a tweet
110029,training/memes/110029.jpeg,there are two men with their hands in the air and one is holding a sign
110030,training/memes/110030.jpeg,there is a woman holding a sign that says no son una manda son viladores
110031,training/memes/110031.jpeg,a cartoon image of a man with a caption saying when metn 30 anos en la
110032,training/memes/110032.jpeg,a close up of a cell phone with a picture of a man and a woman
110033,training/memes/110033.jpeg,arafed image of a man and woman in a business suit
110034,training/memes/110034.jpeg,a close up of a person sitting in a crowd with a text above it
110035,training/memes/110035.jpeg,a man holding a giant gun with a caption in spanish
110036,training/memes/110036.jpeg,arafed picture of a woman laying on a couch with a cat
110037,training/memes/110037.jpeg,a man in a white jacket and sunglasses is talking on a microphone
110038,training/memes/110038.jpeg,arafed woman in uniform kneeling down to a man in uniform
110039,training/memes/110039.jpeg,a cartoon picture of a group of people in a pool
110040,training/memes/110040.jpeg,arafed image of a man walking through a forest with a arrow pointing up
110041,training/memes/110041.jpeg,there are two pictures of a person holding a piece of food
110042,training/memes/110042.jpeg,a picture of a man with a camera and a woman with a camera
110043,training/memes/110043.jpeg,there is a man smoking a cigarette in a dark room
110044,training/memes/110044.jpeg,a cartoon of a graph with a woman and a man in the middle
110045,training/memes/110045.jpeg,a close up of a person holding a glass of wine in front of a sloth
110046,training/memes/110046.jpeg,a cartoon of a woman pushing a baby carriage with a man in a suit
110047,training/memes/110047.jpeg,a man with a beard and mustache is looking at the camera
110048,training/memes/110048.jpeg,a close up of a person in a suit with a text overlay
110049,training/memes/110049.jpeg,a woman in a scarf and scarf is smiling in the snow
110050,training/memes/110050.jpeg,arafed image of a man and woman talking to each other
110051,training/memes/110051.jpeg,"a woman in a suit waving her hand with a caption saying,'mueres al pod"
110052,training/memes/110052.jpeg,a black and white photo of a woman with glasses on her face
110053,training/memes/110053.jpeg,a picture of a woman in a green dress is falling off her leg
110054,training/memes/110054.jpeg,a cartoon picture of a group of people sitting around a table
110055,training/memes/110055.jpeg,a poster with a picture of a woman with a brain on it
110056,training/memes/110056.jpeg,a close up of a lemur with a hand up in the air
110057,training/memes/110057.jpeg,a tweee with a picture of a rabbit on it and the american flag
110058,training/memes/110058.jpeg,arafed text message from a woman about her car
110059,training/memes/110059.jpeg,a picture of a woman with a speech bubble saying mama cuad termina de cocinar
110060,training/memes/110060.png,cartoon of a man laying in a hammock with a cross in the background
110061,training/memes/110061.jpeg,there is a man with a mustache and a hat on
110062,training/memes/110062.jpeg,arafed man and woman standing in a street with a caption of institucion
110063,training/memes/110063.jpeg,a picture of a cartoon picture of a man and woman with a caption of the simpsons
110064,training/memes/110064.jpeg,a couple of kids that are standing next to each other
110065,training/memes/110065.jpeg,a close up of a person giving a thumbs up in front of a blackboard
110066,training/memes/110066.jpeg,a close up of a cat laying on a bed next to a person
110067,training/memes/110067.jpeg,a cartoon character with a caption saying el macho
110068,training/memes/110068.jpeg,a close up of a person pointing at a person with a microphone
110069,training/memes/110069.jpeg,there are many people dancing in a dance class together
110070,training/memes/110070.jpeg,a close up of a person in a suit and tie with a caption
110071,training/memes/110071.jpeg,batman slapping a woman with a bat in a comic book
110072,training/memes/110072.jpeg,a woman is being held by police officers in a street
110073,training/memes/110073.jpeg,a cartoon picture of a man and a woman with a child
110074,training/memes/110074.jpeg,"cartoon spongebob in a kitchen with a caption that reads,'i'm not"
110075,training/memes/110075.jpeg,a close up of a text message on a computer screen
110076,training/memes/110076.jpeg,two men are looking at their cell phones with a caption of a question
110077,training/memes/110077.jpeg,a cartoon picture of a woman holding a baby and a man holding a plate
110078,training/memes/110078.jpeg,a black and white photo of a man in a suit and tie
110079,training/memes/110079.jpeg,a cartoon image of a man sitting at a table with a bag of food
110080,training/memes/110080.jpeg,arafed woman pointing at a cat with a caption of a woman yelling at a cat
110081,training/memes/110081.jpeg,a picture of a cartoon picture of a woman with red hair and green eyes
110082,training/memes/110082.jpeg,a picture of a cartoon picture of a princess in a bed
110083,training/memes/110083.jpeg,a close up of a person sitting in a chair with a poster
110084,training/memes/110084.jpeg,a cartoon picture of homer and homer playing guitar in a room
110085,training/memes/110085.jpeg,a picture of a spider - man is on the phone with a caption
110086,training/memes/110086.jpeg,a close up of a woman making a face with her mouth open
110087,training/memes/110087.jpeg,a cartoon picture of a boy and girl in masks and a cat
110088,training/memes/110088.png,a close up of a twitter post with a bird on it
110089,training/memes/110089.jpeg,anime memes that are very funny and funny
110090,training/memes/110090.jpeg,there is a cat that is sitting on a table with a caption
110091,training/memes/110091.jpeg,a picture of a stadium with a lot of people in it
110092,training/memes/110092.jpeg,a woman in a skirt and a man in a red hat are cleaning a bathroom
110093,training/memes/110093.jpeg,arafed man wearing a yellow shirt with spanish words on it
110094,training/memes/110094.jpeg,a woman holding her head in her hands with a caption that reads a las muertes
110095,training/memes/110095.jpeg,there is a man in a suit pointing at the camera
110096,training/memes/110096.jpeg,arafed image of a man with a funny expression on his face
110097,training/memes/110097.jpeg,a cartoon picture of a group of people in a bar with a woman in the middle of the
110098,training/memes/110098.jpeg,cartoon of a woman laying on a bed with a man in a bikini
110099,training/memes/110099.jpeg,a picture of a picture of a girl and a guy with a pizza
110100,training/memes/110100.jpeg,"a cartoon image of a guy with a sad face and a caption that says, estamo"
110101,training/memes/110101.jpeg,a picture taken from a car with a caption of a man and woman in a suit
110102,training/memes/110102.png,arafed husky dog with a stuffed animal in its mouth
110103,training/memes/110103.jpeg,a close up of a person in a bed with a picture of a woman
110104,training/memes/110104.jpeg,a close up of a donkey with its mouth open and a picture of a horse
110105,training/memes/110105.jpeg,a close up of a text message with a picture of a woman
110106,training/memes/110106.jpeg,a close up of a person wearing a purple jacket and bow tie
110107,training/memes/110107.jpeg,a close up of a frog with a caption saying yo no soy abusatora yo no
110108,training/memes/110108.jpeg,a poster with a picture of two children hugging each other
110109,training/memes/110109.jpeg,"araffe el esculo y no ses as abudara, con la bat"
110110,training/memes/110110.jpeg,araffes is trying to get a picture of a cat in the mirror
110111,training/memes/110111.jpeg,a black and white photo of a man in a suit and tie
110112,training/memes/110112.jpeg,a cartoon of a man is trying to get a woman to take him out of the bathroom
110113,training/memes/110113.jpeg,cartoon character with a caption saying no patrick no patrick
110114,training/memes/110114.jpeg,a cartoon picture of a man holding a green ring in his hand
110115,training/memes/110115.jpeg,a picture taken from a facebook account shows a man standing next to a car with a penguin on
110116,training/memes/110116.jpeg,a woman with purple hair and a blue shirt is looking at the camera
110117,training/memes/110117.jpeg,a man in a red karate outfit is posing for a picture
110118,training/memes/110118.jpeg,a bunch of cartoon faces are shown in a line drawing style
110119,training/memes/110119.jpeg,a cartoon picture of a woman in a pink shirt and a man in a police uniform
110120,training/memes/110120.jpeg,a woman in a bikini holding a fish and a fish
110121,training/memes/110121.jpeg,newspaper with a picture of a man in a suit and a woman in a dress
110122,training/memes/110122.png,a close up of two women with gray hair and a white shirt
110123,training/memes/110123.jpeg,a cartoon image of a guy with a sad expression on his face
110124,training/memes/110124.jpeg,a close up of a person in a bear suit on a computer screen
110125,training/memes/110125.png,a painting of two men holding hands in front of a painting
110126,training/memes/110126.jpeg,"a cartoon picture of two people with green eyes and a caption that reads, trtar de"
110127,training/memes/110127.jpeg,arafed image of a man in armor sitting in a chair
110128,training/memes/110128.jpeg,a man sitting at a table with a microphone in front of him
110129,training/memes/110129.jpeg,"cartoon of two people in a locker with a sign that says, cuando estas en el"
110130,training/memes/110130.jpeg,a close up of a cartoon bear with a caption of a baby
110131,training/memes/110131.jpeg,there is a picture of a man that is sitting down with his head in his hands
110132,training/memes/110132.jpeg,arafed woman in a purple hat and glasses with a surprised look
110133,training/memes/110133.jpeg,a woman holding her head in her hands and looking at the camera
110134,training/memes/110134.jpeg,arafed image of a man in a green jacket standing next to another man
110135,training/memes/110135.jpeg,there is a man and woman that are cutting a mans hair
110136,training/memes/110136.jpeg,a cartoon picture of a woman holding a gun and a sign
110137,training/memes/110137.jpeg,there is a woman sitting on the floor with her legs crossed
110138,training/memes/110138.jpeg,a man in a hat talking to another man in a room
110139,training/memes/110139.jpeg,arafed image of a woman and a sloth - sloth with a caption that
110140,training/memes/110140.jpeg,a man in a store looking at a shelf with boxes of food
110141,training/memes/110141.png,there are two pictures of a woman and a man looking at their phones
110142,training/memes/110142.jpeg,they are all having fun in the bathroom and having fun with each other
110143,training/memes/110143.png,a cartoon image of a green and red dinosaur wearing a red shirt
110144,training/memes/110144.jpeg,a tweet with a picture of a man and a woman on it
110145,training/memes/110145.jpeg,a close up of a person in a suit with a bird on a wall
110146,training/memes/110146.jpeg,there is a picture of a man's face in the window
110147,training/memes/110147.jpeg,arafed man driving a car with a cop in the back seat
110148,training/memes/110148.jpeg,there are many different types of webpages on the internet
110149,training/memes/110149.jpeg,a cartoon of a woman playing a video game with a man
110150,training/memes/110150.jpeg,cartoon of a couple looking at their cell phones while standing next to each other
110151,training/memes/110151.jpeg,a cartoon drawing of a bunch of different faces with different expressions
110152,training/memes/110152.jpeg,a close up of a sign with a red cross and white doves
110153,training/memes/110153.jpeg,there is a poster with a picture of a man with a beard
110154,training/memes/110154.jpeg,arafed image of a man in a suit and tie speaking in a conference room
110155,training/memes/110155.jpeg,a cartoon picture of a man holding a cell phone with a picture of a man screaming
110156,training/memes/110156.jpeg,a cartoon picture of two people with different expressions and a caption
110157,training/memes/110157.jpeg,arafed man sitting on a train with his luggage
110158,training/memes/110158.jpeg,"a cartoon picture of a bunch of people with a caption saying, sel toesta"
110159,training/memes/110159.jpeg,a cartoon picture of a woman with a goofy face and a man with a goofy face
110160,training/memes/110160.jpeg,arafed dog sitting on the floor with a sign in front of it
110161,training/memes/110161.png,a close up of a person with a pair of sunglasses on
110162,training/memes/110162.jpeg,a close up of a person hugging a person on a cell phone
110163,training/memes/110163.jpeg,a close up of a person on a cell phone with a text message
110164,training/memes/110164.jpeg,a close up of a text message with a picture of a person
110165,training/memes/110165.jpeg,a close up of a person walking on a road near a wind turbine
110166,training/memes/110166.jpeg,a cartoon of a woman talking on a cell phone next to a thing
110167,training/memes/110167.jpeg,a cartoon of a boy and girl talking to each other
110168,training/memes/110168.jpeg,two pictures of a man with a fake picture of himself
110169,training/memes/110169.jpeg,arafed man and woman in a car wearing masks
110170,training/memes/110170.jpeg,"a painting of a man and woman in formal clothing, one holding a baby"
110171,training/memes/110171.jpeg,a couple of pictures of a man and a woman with a cell phone
110172,training/memes/110172.jpeg,a close up of two men with different facial expressions
110173,training/memes/110173.jpeg,a close up of a poster with a person standing next to a car
110174,training/memes/110174.jpeg,a couple of pictures of a man and a woman with a cell phone
110175,training/memes/110175.jpeg,a cartoon of a man and woman talking on a cell phone
110176,training/memes/110176.png,there are two pictures of a dog and a man with a big body
110177,training/memes/110177.jpeg,a woman in a yellow dress holding a gun and a flag
110178,training/memes/110178.jpeg,two pictures of a car with a man driving in it
110179,training/memes/110179.jpeg,arafed image of a man and a woman in shorts and a man in a black shirt
110180,training/memes/110180.png,there is a man that is looking at a alien face
110181,training/memes/110181.png,yellow volkswagen beetles parked in a parking lot with a woman standing next to them
110182,training/memes/110182.jpeg,there are two pictures of a man with colorful hair and a man with a beard
110183,training/memes/110183.jpeg,a cartoon character is talking to another character on a twitter account
110184,training/memes/110184.jpeg,arafed man with blue paint giving thumbs up in front of a white background
110185,training/memes/110185.png,arafed stormtrooper sitting at a table with a cell phone in his hand
110186,training/memes/110186.jpeg,a screenshot of a woman on a stage with a microphone and a microphone
110187,training/memes/110187.jpeg,a close up of a stuffed monkey with a sign on it
110188,training/memes/110188.png,arafed dog with a baseball bat and a bag of dough
110189,training/memes/110189.png,there is a man that is looking at something in the mirror
110190,training/memes/110190.jpeg,two cars are shown with the words'eres my india'and'halogo '
110191,training/memes/110191.png,a close up of a cartoon character with a banana on a sticker
110192,training/memes/110192.jpeg,a poster with a bunch of different pictures of people in different poses
110193,training/memes/110193.jpeg,a cartoon picture of a man with a pink shirt and a woman with a pink shirt
110194,training/memes/110194.jpeg,a close up of a person with a face that has a caption on it
110195,training/memes/110195.jpeg,a cartoon of a group of people walking down a street
110196,training/memes/110196.jpeg,"arafy, memes, and blog a man is sitting at a table with a plate"
110197,training/memes/110197.jpeg,a picture of a picture of a person with a light on
110198,training/memes/110198.jpeg,a close up of a lemur with a hand up in the air
110199,training/memes/110199.jpeg,anime meme of a guy and a girl talking to each other
110200,training/memes/110200.jpeg,a woman in a yellow dress holding a gun and a flag
110201,training/memes/110201.jpeg,"a sponge sponge with a knife in his hand and a caption that says, a los ho"
110202,training/memes/110202.jpeg,a woman is drinking a glass of beer in front of a map
110203,training/memes/110203.jpeg,a man with a beard and a mustache is looking at the camera
110204,training/memes/110204.jpeg,arafed man wearing a santa hat with a message in spanish
110205,training/memes/110205.png,a close up of a cartoon character with a caption of a person in a green shirt
110206,training/memes/110206.jpeg,arafed woman wearing a mask and a face covering
110207,training/memes/110207.jpeg,a close up of a person holding a microphone and a person wearing a suit
110208,training/memes/110208.jpeg,a cartoon drawing of a bunch of different faces with different expressions
110209,training/memes/110209.jpeg,a cartoon of a couple hugging each other in a comic
110210,training/memes/110210.jpeg,there is a painting of a man and woman sitting on a bench
110211,training/memes/110211.jpeg,a cartoon of a man and woman with a goat on their backs
110212,training/memes/110212.jpeg,a couple of texts that are in different languages on a cell phone
110213,training/memes/110213.jpeg,a picture of a picture of a man with a big chest
110214,training/memes/110214.jpeg,a cartoon picture of a man with a phone in his hand
110215,training/memes/110215.jpeg,a cartoon picture of a woman with a motorcycle and a man with a moped
110216,training/memes/110216.jpeg,a man with glasses and a beard is looking at the camera
110217,training/memes/110217.jpeg,a frog sitting on the ground with his hand on his chin
110218,training/memes/110218.jpeg,anime characters with a caption of a horse and a man
110219,training/memes/110219.jpeg,a cartoon picture of a man with a beard and a computer
110220,training/memes/110220.jpeg,a painting of two people holding hands with a heart in the middle
110221,training/memes/110221.jpeg,a picture of a man with a bunch of different expressions on his face
110222,training/memes/110222.jpeg,arafed picture of a man pointing at the camera with a caption in spanish
110223,training/memes/110223.jpeg,arafed dog standing on its hind legs on a fence
110224,training/memes/110224.jpeg,a close up of a text message with a bunch of emoticions
110225,training/memes/110225.jpeg,two pictures of a cat with a towel on its back and a cat with a towel on its
110226,training/memes/110226.jpeg,arafed image of a woman in a yellow sweater and red hat
110227,training/memes/110227.png,a cartoon picture of a man and woman shaking hands in a forest
110228,training/memes/110228.jpeg,cartoon of a man and woman playing with a ball in spanish
110229,training/memes/110229.jpeg,a cartoon picture of a man and woman in a dress
110230,training/memes/110230.jpeg,arafed image of a group of people sitting in a theater
110231,training/memes/110231.jpeg,a woman with a surprised look on her face in a black and white photo
110232,training/memes/110232.jpeg,a cartoon smurfe with a hat and a dress on
110233,training/memes/110233.jpeg,there is a man sitting at a desk writing in a book
110234,training/memes/110234.jpeg,a picture taken from a photo of two girls with a caption in spanish
110235,training/memes/110235.jpeg,there are many different pictures of graffiti on the wall
110236,training/memes/110236.jpeg,a cartoon picture of a man with a black hair and a red hoodie covering his face
110237,training/memes/110237.jpeg,cartoon of a book with a caption of a book with a caption of a book with
110238,training/memes/110238.jpeg,arafed picture of a woman holding a flag and a man holding a flag
110239,training/memes/110239.jpeg,a close up of a person wearing a hat and a bow tie
110240,training/memes/110240.jpeg,a picture of a bunch of different pictures of people
110241,training/memes/110241.jpeg,a man in a white shirt is smiling and wearing a white shirt
110242,training/memes/110242.jpeg,a close up of two pictures of a man with a beard
110243,training/memes/110243.jpeg,a screenshot of a twee with a picture of a car and a person standing next to
110244,training/memes/110244.jpeg,a close up of a cell phone with a picture of a man and woman
110245,training/memes/110245.jpeg,there is a picture of a mouse that is on a table
110246,training/memes/110246.jpeg,a picture of a man in a suit and tie sitting on a grass
110247,training/memes/110247.jpeg,a close up of a cell phone with a text message
110248,training/memes/110248.jpeg,a close up of a child holding a cell phone in front of a mirror
110249,training/memes/110249.jpeg,a poster with different people holding guns and pointing them at each other
110250,training/memes/110250.jpeg,"bacon on a grill with a caption that reads, las hueros sin con bacon"
110251,training/memes/110251.jpeg,a collage of the many faces of the kpop idol
110252,training/memes/110252.jpeg,a close up of two pictures of a man in a suit and tie
110253,training/memes/110253.jpeg,a close up of a person on a computer screen with a caption
110254,training/memes/110254.jpeg,a cartoon picture of a bunch of signs that say different things
110255,training/memes/110255.jpeg,a picture of a man driving a car with a caption of a man pointing at the camera
110256,training/memes/110256.jpeg,a woman in a black jacket and green scarf speaking into a microphone
110257,training/memes/110257.jpeg,a cartoon of a woman is sitting in a car and talking to a man
110258,training/memes/110258.jpeg,a close up of a man with a beard and a mustache
110259,training/memes/110259.jpeg,a cartoon picture of a man and woman with blue hair
110260,training/memes/110260.jpeg,a close up of a person running in the woods with a bunch of people
110261,training/memes/110261.jpeg,a cartoon picture of a woman in a pink dress and a man in a red shirt
110262,training/memes/110262.jpeg,a close up of a poster with a man and a woman
110263,training/memes/110263.jpeg,"a cartoon picture of a woman with a clown face and a caption that reads,'i"
110264,training/memes/110264.jpeg,a close up of a person standing in front of a screen with a picture of a man
110265,training/memes/110265.jpeg,a cartoon of a comic strip with a woman and a man
110266,training/memes/110266.jpeg,there are many pictures of a man with a mask on
110267,training/memes/110267.jpeg,a woman with sunglasses and a white shirt smiling at the camera
110268,training/memes/110268.jpeg,a poster with a picture of a man and woman in a suit
110269,training/memes/110269.jpeg,a close up of a person with different eyes and different expressions
110270,training/memes/110270.jpeg,a close up of two pictures of a man with a tennis racket
110271,training/memes/110271.jpeg,a cartoon picture of a newspaper with a man in a suit and a woman in a suit
110272,training/memes/110272.jpeg,a cartoon picture of a man and a woman with tattoos
110273,training/memes/110273.jpeg,a couple of people standing next to each other in a room
110274,training/memes/110274.jpeg,there is a baby that is wearing a monkey costume
110275,training/memes/110275.jpeg,a close up of a person with a shirt on and a man with a shirt on
110276,training/memes/110276.jpeg,a couple of people that are standing up with a microphone
110277,training/memes/110277.jpeg,arafed man in a black shirt sitting in front of a microphone
110278,training/memes/110278.png,a man with a finger up in front of his face and a text that reads no amia
110279,training/memes/110279.jpeg,"a cartoon picture of a person wearing sandals with a caption that reads,"
110280,training/memes/110280.jpeg,a man holding a flag walking down a street next to a car
110281,training/memes/110281.jpeg,a picture of a man in a red jacket standing in front of a crowd
110282,training/memes/110282.jpeg,there is a man in a suit and tie standing in a restaurant
110283,training/memes/110283.jpeg,a close up of a person wearing sunglasses and a hat
110284,training/memes/110284.jpeg,a woman talking to a man on the street with a caption in spanish
110285,training/memes/110285.jpeg,a picture taken from a anime with a caption of two girls and a man
110286,training/memes/110286.jpeg,a black and white photo of a man with a beard and a mustache
110287,training/memes/110287.jpeg,"a man with a sad look on his face and a caption that reads, canno mu"
110288,training/memes/110288.jpeg,two pictures of a man with a white shirt and a black guy with a white shirt
110289,training/memes/110289.jpeg,a close up of a white wall with a white electrical outlet
110290,training/memes/110290.jpeg,a close up of a brick wall with a graffiti on it
110291,training/memes/110291.jpeg,arafed image of a man in a blue shirt speaking in a courtroom
110292,training/memes/110292.jpeg,there is a picture of a barbie doll with a caption in spanish
110293,training/memes/110293.jpeg,a picture of a man holding a flag and a woman holding a flag
110294,training/memes/110294.jpeg,a close up of a person holding a cell phone with a man and woman
110295,training/memes/110295.jpeg,a cartoon of a man and woman sitting on a bed with a child
110296,training/memes/110296.jpeg,there are two pictures of a man and woman with different expressions
110297,training/memes/110297.jpeg,a close up of a man in a suit and tie with a caption
110298,training/memes/110298.jpeg,a man in a burka mask is looking at his cell phone
110299,training/memes/110299.jpeg,a screenshot of a text message from a woman who is on the phone
110300,training/memes/110300.jpeg,harry potter is holding a wand and pointing at a white flag
110301,training/memes/110301.jpeg,a cartoon of a comic strip with a cartoon of mario and princess peach
110302,training/memes/110302.jpeg,a close up of a cell phone with a message on it
110303,training/memes/110303.jpeg,a cartoon picture of a woman in a bikini with a lot of hair
110304,training/memes/110304.jpeg,a cartoon of a woman in a bikini standing next to a flow chart
110305,training/memes/110305.jpeg,there is a picture of a woman's bra top on a bed
110306,training/memes/110306.jpeg,a woman in a bikini holding a sign that says me llora las bragas
110307,training/memes/110307.jpeg,a picture taken from a video posted on a social media site shows a picture of a house with
110308,training/memes/110308.jpeg,a cartoon of a man pouring water into a woman's hand
110309,training/memes/110309.jpeg,a close up of a person in a bikini and a man in a striped shirt
110310,training/memes/110310.jpeg,a woman in a red bra top is holding her hands out
110311,training/memes/110311.jpeg,a close up of two girls hugging each other in a room
110312,training/memes/110312.jpeg,a close up of a pair of underwear with a pink bottom
110313,training/memes/110313.jpeg,a close up of a sign with a picture of a clock on it
110314,training/memes/110314.jpeg,cartoon of a woman and a girl talking to each other
110315,training/memes/110315.jpeg,there is a man with a hat on and a necklace on
110316,training/memes/110316.jpeg,an old woman holding a glass of wine in her hand
110317,training/memes/110317.jpeg,"a green and black picture of a dinosaur with a caption saying, if sor que su"
110318,training/memes/110318.jpeg,a close up of a person wearing a red panties and a pink bra
110319,training/memes/110319.jpeg,arafed woman leaning against a counter in a store
110320,training/memes/110320.jpeg,a close up of a person in a bikini and a man in a underwear
110321,training/memes/110321.jpeg,there is a man wearing a hat and a sweater with a message
110322,training/memes/110322.jpeg,there is a man with a beard and a necklace on
110323,training/memes/110323.jpeg,there is a man with a beard and a shirt on
110324,training/memes/110324.jpeg,man wearing a beanie hat and holding a glass of wine
110325,training/memes/110325.jpeg,"a cartoon image of a face with a caption saying, es 2021 today hay empressas"
110326,training/memes/110326.jpeg,cartoon of a horse and a horse with carrots in a bucket
110327,training/memes/110327.jpeg,a cartoon turtle with a purple skirt and a purple shirt
110328,training/memes/110328.jpeg,a woman in a blue top is sitting at a counter
110329,training/memes/110329.jpeg,cartoon of a doctor talking to a group of skeletons
110330,training/memes/110330.jpeg,a close up of a person on a pole with a microphone
110331,training/memes/110331.jpeg,arafed woman in tight pants standing in front of a machine
110332,training/memes/110332.jpeg,three children in underwear playing with a soccer ball on a dirt road
110333,training/memes/110333.jpeg,a picture of a cartoon picture of a person with a butt
110334,training/memes/110334.jpeg,a cartoon picture of a man with a face painted like a soccer player
110335,training/memes/110335.jpeg,there is a baby that is sitting on a table with a caption
110336,training/memes/110336.jpeg,"a cartoon picture of a pokemon character with a caption that reads,"
110337,training/memes/110337.jpeg,there are three people dressed in green and black holding swords
110338,training/memes/110338.jpeg,a couple of people that are in bed with a caption
110339,training/memes/110339.png,there are two pictures of a woman eating a meal and a picture of a man eating a salad
110340,training/memes/110340.png,a cartoon picture of a woman with a hat and a man with a baseball cap
110341,training/memes/110341.jpeg,a close up of a person on a soccer field with a caption
110342,training/memes/110342.jpeg,a close up of a person with a sign in front of a building
110343,training/memes/110343.jpeg,arafed man in a white shirt standing in front of a window
110344,training/memes/110344.jpeg,a picture of a picture of a knee with a bone in it
110345,training/memes/110345.jpeg,there is a cat that is standing up and looking at the camera
110346,training/memes/110346.png,a picture of a man in a blue shirt is talking to a woman
110347,training/memes/110347.jpeg,there is a woman that is looking at herself in the mirror
110348,training/memes/110348.jpeg,a close up of a person talking on a cell phone
110349,training/memes/110349.jpeg,a man with a beard and glasses standing in front of a screen
110350,training/memes/110350.jpeg,a woman with a very big smile on her face
110351,training/memes/110351.jpeg,there is a man holding a pig that is on his back
110352,training/memes/110352.jpeg,"someone wrote a message on the sidewalk that reads,'i am not afraid to be in spanish"
110353,training/memes/110353.jpeg,there is a pig standing on the sidewalk in front of a building
110354,training/memes/110354.jpeg,a close up of a cartoon character with a beard and a mustache
110355,training/memes/110355.jpeg,a cartoon pig with glasses and a green shirt is standing in front of a computer
110356,training/memes/110356.jpeg,arafed woman sitting on the floor with a cell phone in her hand
110357,training/memes/110357.jpeg,a cartoon picture of a woman with a red hat and a man with a red bow
110358,training/memes/110358.jpeg,a person holding a book with a picture of a dog and a cat on it
110359,training/memes/110359.jpeg,woman in front of a blackboard with a triangle on it
110360,training/memes/110360.jpeg,a picture of a woman with a white top and a red and white top
110361,training/memes/110361.jpeg,a close up of a text message with a cartoon character on it
110362,training/memes/110362.jpeg,arafed pig with big eyes and a pink nose with a caption that reads bueno
110363,training/memes/110363.jpeg,a cartoon of two pigs in a bikini and a pig in a bikini
110364,training/memes/110364.jpeg,a close up of a pig standing on top of a grass covered field
110365,training/memes/110365.jpeg,a cartoon pig with a red shirt and a pink shirt
110366,training/memes/110366.jpeg,arafed image of a woman in a bed with a cell phone
110367,training/memes/110367.jpeg,a close up of a woman holding a cell phone near a sign
110368,training/memes/110368.png,a woman in a bikini top is holding her arms up
110369,training/memes/110369.jpeg,arafed image of a girl laying in bed with her eyes closed
110370,training/memes/110370.jpeg,a close up of two pictures of a person with a face
110371,training/memes/110371.jpeg,a cartoon of a woman talking to a man in a bar
110372,training/memes/110372.jpeg,there is a man holding a bottle of pickles in his hand
110373,training/memes/110373.jpeg,a woman sitting on a wall next to a skeleton and a picture of a woman holding a glass
110374,training/memes/110374.jpeg,arafed group of people sitting on a deck with a view of the ocean
110375,training/memes/110375.jpeg,"a woman with her hands up in the air and a caption that reads,"
110376,training/memes/110376.png,a cartoon drawing of a woman with different facial expressions
110377,training/memes/110377.jpeg,a cartoon of a woman in a store with a skeleton in the background
110378,training/memes/110378.png,there is a poster with a picture of a little girl brushing her teeth
110379,training/memes/110379.png,arafed image of a man reading a book and a book with a bookmark
110380,training/memes/110380.jpeg,three little boys in shorts are dancing in the dirt
110381,training/memes/110381.jpeg,a picture of a woman in a black dress is playing a video game
110382,training/memes/110382.jpeg,arafed image of a man in a black shirt and a woman in a blue shirt and
110383,training/memes/110383.jpeg,arafed image of a group of people sitting on a bench
110384,training/memes/110384.jpeg,a cartoon picture of a woman in a bra top and a man in a chair
110385,training/memes/110385.jpeg,there is a woman that is dancing in a room
110386,training/memes/110386.jpeg,two pictures of a woman in a red bikini and a woman in a red bikini
110387,training/memes/110387.jpeg,a cartoon image of a man with a top hat and mustache
110388,training/memes/110388.png,a cartoon picture of a man with glasses and a red shirt
110389,training/memes/110389.jpeg,arafed cat in a tie with a caption saying el cideroacoo
110390,training/memes/110390.jpeg,a picture of a meme with a caption of no al ciberacosso
110391,training/memes/110391.jpeg,troll face - hora de cyberbullying queen querer?
110392,training/memes/110392.png,cartoon of a man and woman looking at a cell phone
110393,training/memes/110393.jpeg,a woman with purple hair and a purple top smiling
110394,training/memes/110394.jpeg,a close up of a person with a suit and tie
110395,training/memes/110395.jpeg,woman cooking in a kitchen with a quote from a woman
110396,training/memes/110396.jpeg,arafed man in a white shirt and tie cooking in a kitchen
110397,training/memes/110397.jpeg,there is a man that is sitting on the floor in front of a washing machine
110398,training/memes/110398.jpeg,there is a woman in a kitchen with a captain shield on the counter
110399,training/memes/110399.jpeg,arafed dog in a chef hat with a can of soda and a spoon
110400,training/memes/110400.jpeg,a man holding a jar of red peppers in his hand
110401,training/memes/110401.jpeg,two dogs sitting on a couch with a blanket and a blanket
110402,training/memes/110402.jpeg,cartoon of a man pushing a wheelbarrow full of money
110403,training/memes/110403.jpeg,woman holding a bowl of food with a surprised face
110404,training/memes/110404.jpeg,a cartoon picture of a group of people with different expressions
110405,training/memes/110405.jpeg,a couple of people standing in a kitchen with a blue pan
110406,training/memes/110406.jpeg,cartoon of a boy eating a donut while another boy watches
110407,training/memes/110407.jpeg,there is a pot of food that is on the stove
110408,training/memes/110408.jpeg,a picture of a man in a red shirt is holding his hands on his chest
110409,training/memes/110409.jpeg,a bunch of different pictures of a kitchen with a sink and a microwave
110410,training/memes/110410.jpeg,"there is a plastic tray with cereal, a banana and a spoon"
110411,training/memes/110411.jpeg,someone is standing on a pair of flip flops with their feet in the sand
110412,training/memes/110412.jpeg,a picture of two toy story characters are standing next to each other
110413,training/memes/110413.jpeg,there is a small dog wearing a pink apron standing on a table
110414,training/memes/110414.jpeg,a cartoon picture of a woman and a man sitting at a table
110415,training/memes/110415.jpeg,a close up of a person in a suit and tie on a twitter account
110416,training/memes/110416.jpeg,a close up of a text message with a picture of a man in a suit
110417,training/memes/110417.jpeg,there is a man in a suit and tie with a caption in spanish
110418,training/memes/110418.jpeg,arafed image of a man in a suit and tie with a caption in spanish
110419,training/memes/110419.jpeg,there is a man in a suit and tie with a funny face
110420,training/memes/110420.jpeg,a woman in a turban is talking to a man in a turban
110421,training/memes/110421.jpeg,there are two pictures of a man and a woman that are smiling
110422,training/memes/110422.jpeg,there are four men sitting on chairs in a row together
110423,training/memes/110423.jpeg,a picture taken from a movie showing a man in a crowd of people
110424,training/memes/110424.jpeg,a close up of a cartoon character with a toy on a table
110425,training/memes/110425.png,a close up of two pictures of a woman with glasses on
110426,training/memes/110426.jpeg,a close up of a text message with a picture of a man in a tuxedo
110427,training/memes/110427.jpeg,homer simpson - hola senorita como esta?
110428,training/memes/110428.jpeg,a cartoon picture of a man in a suit and tie with a comic strip
110429,training/memes/110429.jpeg,a close up of a person in a suit and tie with a sticker on it
110430,training/memes/110430.jpeg,arafed cat sitting on a table with a caption of a caption
110431,training/memes/110431.jpeg,a woman in a leopard print dress holding a microphone
110432,training/memes/110432.jpeg,a picture of a woman laughing with a caption in spanish
110433,training/memes/110433.jpeg,arafed woman in a gray sweatshirt and khaki pants throwing a ball
110434,training/memes/110434.jpeg,there are two pictures of a man and a woman in a bikini
110435,training/memes/110435.jpeg,a close up of a person in a suit and tie with a caption
110436,training/memes/110436.jpeg,a cartoon of a man sitting on a couch reading a newspaper
110437,training/memes/110437.jpeg,cartoon of a man and woman with a beard and a mustache
110438,training/memes/110438.jpeg,there is a poster with a woman holding a hammer and a hammer
110439,training/memes/110439.jpeg,a cartoon picture of a woman and a man in a bikini
110440,training/memes/110440.jpeg,spanish children and adults are playing with toys in a room
110441,training/memes/110441.jpeg,cartoon of a woman talking to a man and a woman sitting on a chair
110442,training/memes/110442.jpeg,a woman sitting in a chair with a black and white photo
110443,training/memes/110443.jpeg,they are posing for a picture with a sign that says los cuidados se impprosian
110444,training/memes/110444.jpeg,a cartoon drawing of a man with a speech bubble in his head
110445,training/memes/110445.jpeg,arafed man holding a can of soda in a kitchen
110446,training/memes/110446.jpeg,there is a girl that is standing in front of a fire
110447,training/memes/110447.jpeg,a picture of a woman with glasses and a green and yellow background
110448,training/memes/110448.png,there is a woman and a boy sitting on the steps hugging
110449,training/memes/110449.jpeg,there is a little boy wearing a hat and tie and holding a cell phone
110450,training/memes/110450.jpeg,there is a man and a child in a blue tub
110451,training/memes/110451.png,a woman in a black dress standing next to another woman in a black dress
110452,training/memes/110452.jpeg,a cartoon of a woman in a bikini and a bucket of trash
110453,training/memes/110453.jpeg,there are two pictures of a woman pointing at a cat
110454,training/memes/110454.jpeg,a picture of a poster with a woman and a man in it
110455,training/memes/110455.jpeg,a close up of a person holding a knife in the snow
110456,training/memes/110456.jpeg,a close up of two posters with a globe and a bottle
110457,training/memes/110457.jpeg,three pictures of a bottle of alcohol and a bottle of beer
110458,training/memes/110458.jpeg,a close up of a person in a bikini on a beach
110459,training/memes/110459.jpeg,arafed news anchor in a suit and tie sitting at a desk
110460,training/memes/110460.jpeg,panda bear sitting on a tree stump with caption saying amo la movildad cuad
110461,training/memes/110461.jpeg,a cartoon drawing of a bunch of different types of people
110462,training/memes/110462.jpeg,batman the animated movie is coming to netflix
110463,training/memes/110463.jpeg,a tree with a sun in the background and a sky with clouds
110464,training/memes/110464.jpeg,three women pointing guns at the camera with caption in spanish
110465,training/memes/110465.jpeg,arafed man in a hat and purple shirt with a camera
110466,training/memes/110466.jpeg,arafed man in a towel reading a magazine and a man in a towel reading a newspaper
110467,training/memes/110467.jpeg,a close up of two pictures of a person with a soccer uniform
110468,training/memes/110468.jpeg,arafed man sitting at a table with a glass of wine
110469,training/memes/110469.jpeg,there is a woman walking down the street with a large orange skirt
110470,training/memes/110470.png,there is a woman with a smile on her face and a picture of her face
110471,training/memes/110471.jpeg,"a cartoon cat with a caption that reads,'vidader entra una ceda los"
110472,training/memes/110472.jpeg,spider - man - tenes un culo i'm a spider - man
110473,training/memes/110473.jpeg,there are two pictures of a person holding a rock in front of a fire
110474,training/memes/110474.jpeg,a close up of a person holding a cell phone with a fake id
110475,training/memes/110475.jpeg,cartoon of a cat with a glass of wine in its mouth
110476,training/memes/110476.jpeg,a cartoon of a comic strip with a woman and a man
110477,training/memes/110477.jpeg,a close up of a cartoon character with a beard and mustache
110478,training/memes/110478.jpeg,arafed woman in a pink shirt posing for a picture
110479,training/memes/110479.jpeg,there is a boy that is holding a fireball in his hand
110480,training/memes/110480.jpeg,a close up of a person in a suit and tie with a clock
110481,training/memes/110481.jpeg,a picture of a picture of a person with a fake face
110482,training/memes/110482.jpeg,there is a woman that is sitting in a car with a caption
110483,training/memes/110483.jpeg,a man with long hair and a beard holding a cell phone
110484,training/memes/110484.jpeg,arafed woman in yellow dress pushing a shopping cart in a store
110485,training/memes/110485.jpeg,a woman in a short dress posing for a picture with her hands on her hips
110486,training/memes/110486.jpeg,a cartoon picture of a man sitting on a bench next to a woman
110487,training/memes/110487.jpeg,three pictures of a woman in a bikini and a man in a bikini
110488,training/memes/110488.jpeg,a close up of a person in a pair of jeans with a fish on it
110489,training/memes/110489.jpeg,woman with a pink turban sitting in a chair with a green table
110490,training/memes/110490.jpeg,a cartoon picture of a person with a face mask and a hand on their face
110491,training/memes/110491.jpeg,there is a woman in a mask getting a vacciator from a man
110492,training/memes/110492.jpeg,dragon ball z - memes - memes - dragon ball z - memes - memes
110493,training/memes/110493.jpeg,a woman and a man are standing in a street with a text overlay
110494,training/memes/110494.jpeg,a close up of a person sitting on a chair with a cell phone
110495,training/memes/110495.jpeg,a close up of a person in a bikini with a guy in a suit
110496,training/memes/110496.jpeg,there is a man standing in front of a window with a woman behind him
110497,training/memes/110497.jpeg,a close up of two pictures of a person with a fist
110498,training/memes/110498.jpeg,a screenshot of a twitter post with a picture of a woman pointing at a man
110499,training/memes/110499.jpeg,there is a man with headphones on talking on a cell phone
110500,training/memes/110500.jpeg,a close up of a person holding a tissue paper in their hand
110501,training/memes/110501.jpeg,several pictures of a man and woman with different expressions
110502,training/memes/110502.jpeg,a close up of a person in a bikini with a knife
110503,training/memes/110503.jpeg,a woman and a child are standing in front of a mirror
110504,training/memes/110504.jpeg,there is a woman walking down the street with a large orange skirt
110505,training/memes/110505.jpeg,a close up of a person with a mustache and a suit
110506,training/memes/110506.jpeg,there are three people that are holding up signs in front of a man
110507,training/memes/110507.jpeg,a black and white photo of a man with his arms crossed
110508,training/memes/110508.jpeg,a screenshot of a man on horseback with a sword and a woman on horseback
110509,training/memes/110509.jpeg,a picture taken from a cartoon shows a man in a hat and a woman in a dress
110510,training/memes/110510.jpeg,there are two pictures of a man in a green shirt
110511,training/memes/110511.jpeg,arafed image of a man in a tuxedo and a woman in a dress
110512,training/memes/110512.jpeg,a close up of a person holding a knife in a room
110513,training/memes/110513.jpeg,a close up of a person in a suit and tie with a picture of a group of cartoon
110514,training/memes/110514.jpeg,a close up of a person holding a pair of hands on a stomach
110515,training/memes/110515.jpeg,a close up of a painting of a man in a suit and tie
110516,training/memes/110516.jpeg,a couple of men are talking to each other on a twitter account
110517,training/memes/110517.jpeg,a cartoon of a man with a mask covering his face
110518,training/memes/110518.jpeg,a close up of a poster with a man and two women
110519,training/memes/110519.jpeg,there is a woman sitting at a table with food and drinks
110520,training/memes/110520.jpeg,spanish poster with a woman holding a cell phone in front of a yellow background
110521,training/memes/110521.jpeg,a cartoon of a woman in a white dress and a man in a red dress
110522,training/memes/110522.jpeg,a cartoon of a man sitting at a table with a laptop
110523,training/memes/110523.jpeg,a picture of a man and woman in a room with a flag
110524,training/memes/110524.jpeg,a woman in a white bikini standing on a beach next to a man in a white swim suit
110525,training/memes/110525.jpeg,a close up of a person with long hair and a red arrow
110526,training/memes/110526.jpeg,a woman in a red dress and a man in a black hoodie and sunglasses
110527,training/memes/110527.png,woman holding a sign with a message saying no viviros en una socledo
110528,training/memes/110528.png,there is a white cat sitting on a chair with a caption in the middle
110529,training/memes/110529.jpeg,a couple of pictures of a man and a woman in a bathroom
110530,training/memes/110530.jpeg,a group of different pictures of a man and woman playing chess
110531,training/memes/110531.jpeg,a girl with a pink shirt and a green and red background is laughing
110532,training/memes/110532.jpeg,there are two pictures of a doctor talking to a patient
110533,training/memes/110533.jpeg,there is a man sitting on a bench with a hat on
110534,training/memes/110534.png,a picture of a picture of a person with a picture of a person in the middle of a
110535,training/memes/110535.jpeg,cartoon of a political cartoon of a man and a woman with a flag
110536,training/memes/110536.jpeg,there is a woman with a red lipstick and a white shirt
110537,training/memes/110537.jpeg,a close up of a person sitting on a train with a dog
110538,training/memes/110538.jpeg,a poster with a bunch of different faces and words
110539,training/memes/110539.jpeg,there is a person sitting on the ground with a cup of coffee
110540,training/memes/110540.jpeg,a cartoon drawing of a man with different facial expressions
110541,training/memes/110541.jpeg,a close up of a person wearing a costume and a woman in a costume
110542,training/memes/110542.jpeg,cartoon of a woman talking to two men and a woman
110543,training/memes/110543.jpeg,a close up of a person on a tennis court with a tv
110544,training/memes/110544.jpeg,a cartoon picture of spongebob and his friends in a scene
110545,training/memes/110545.jpeg,a cartoon of a family sitting on a couch with a speech bubble above them
110546,training/memes/110546.jpeg,cartoon of a woman talking to a man in a car
110547,training/memes/110547.jpeg,a picture taken from a social post of a man and a woman doing karate
110548,training/memes/110548.jpeg,"a cartoon picture of a group of people with a caption saying,'el sal una mu"
110549,training/memes/110549.jpeg,cartoon of a woman and a girl watching a tv with a girl on the screen
110550,training/memes/110550.jpeg,a woman in a dress holding a baseball bat and a ball
110551,training/memes/110551.jpeg,there is a picture of a pug dog that is on a bed
110552,training/memes/110552.jpeg,cartoon of a woman talking to a man with a phone
110553,training/memes/110553.jpeg,a group of people standing in front of a crowd of people
110554,training/memes/110554.jpeg,three women laughing and laughing while sitting on a bench
110555,training/memes/110555.jpeg,a black and white photo of a woman with a long braid
110556,training/memes/110556.jpeg,"a black and white photo of a little girl with a caption that says, can one debate"
110557,training/memes/110557.jpeg,a close up of a person on a television with a person on a cell phone
110558,training/memes/110558.jpeg,a woman wearing a mask and a black shirt is on a twitter page
110559,training/memes/110559.jpeg,a picture of a woman standing in a field with her arms outstretched
110560,training/memes/110560.jpeg,a close up of two pictures of a red bird with a book
110561,training/memes/110561.jpeg,a cartoon picture of a man with glasses and a butterfly above his head
110562,training/memes/110562.jpeg,cartoon of a teacher and a student in front of a blackboard
110563,training/memes/110563.jpeg,a close up of a person holding a wine glass in a room
110564,training/memes/110564.jpeg,cartoon of a man sitting in a chair with a man in a suit and tie
110565,training/memes/110565.jpeg,a cartoon image of a woman with glasses and a red hat
110566,training/memes/110566.jpeg,"cartoon spongebob with a caption saying, me do que no tenia privegos"
110567,training/memes/110567.jpeg,there is a man standing in front of a table of food
110568,training/memes/110568.jpeg,a cartoon picture of a bunch of signs that say different things
110569,training/memes/110569.jpeg,a close up of a lemur with a hand up in the air
110570,training/memes/110570.jpeg,a close up of a collage of people with different expressions
110571,training/memes/110571.jpeg,a poster with a picture of a woman and a man with glasses
110572,training/memes/110572.jpeg,a black and white photo of two women talking to each other
110573,training/memes/110573.jpeg,"a cartoon picture of a woman and a man with a sign that says, i am not a"
110574,training/memes/110574.jpeg,a cartoon comic strip with a woman talking to a man
110575,training/memes/110575.jpeg,a cartoon picture of a man reading a book with a heart in the background
110576,training/memes/110576.jpeg,a cartoon picture of a woman with a blue hair and a man with a white face
110577,training/memes/110577.jpeg,a close up of a person with a cell phone in their hand
110578,training/memes/110578.jpeg,araffes in a yellow dress with a crown on her head
110579,training/memes/110579.jpeg,a drawing of a woman with a pink scarf and a pink bag
110580,training/memes/110580.jpeg,there is a woman and a child that are talking to each other
110581,training/memes/110581.jpeg,a close up of a person with a face painted with a skeleton
110582,training/memes/110582.jpeg,a cartoon of a man with a beard and a woman with a gun
110583,training/memes/110583.jpeg,a close up of a person wearing a suit and tie
110584,training/memes/110584.jpeg,a close up of a poster with a bunch of people in different outfits
110585,training/memes/110585.jpeg,a close up of a person holding a bag with a rose on it
110586,training/memes/110586.png,a close up of a cartoon picture of a woman with different facial expressions
110587,training/memes/110587.jpeg,a close up of a person holding their head in their hands
110588,training/memes/110588.jpeg,"a man crying in front of a crowd with a caption saying, axeruel dia internacional"
110589,training/memes/110589.jpeg,a cartoon picture of a woman in a white dress with long hair and a man in a blue
110590,training/memes/110590.jpeg,lego man with a mustache and striped shirt on a skateboard
110591,training/memes/110591.jpeg,a black and white photo of two women talking to each other
110592,training/memes/110592.jpeg,a close up of a girl looking up at something in the air
110593,training/memes/110593.jpeg,there is a man in a suit and tie smiling for the camera
110594,training/memes/110594.png,a close up of a person leaning against a wall with a pink lipstick
110595,training/memes/110595.png,there are two men that are holding a dog on a couch
110596,training/memes/110596.png,there is a man and woman standing next to each other
110597,training/memes/110597.jpeg,a close up of a statue of jesus giving a thumbs up
110598,training/memes/110598.jpeg,cartoon of a woman and a man with a thought bubble above their heads
110599,training/memes/110599.jpeg,there is a doctor examining a woman's chest with a stethoscope
110600,training/memes/110600.jpeg,two women in a car with a man in the back seat
110601,training/memes/110601.jpeg,a cartoon picture of a man and a woman fighting over a pig
110602,training/memes/110602.jpeg,there is a woman holding a balloon and a man standing next to her
110603,training/memes/110603.jpeg,there are two pictures of a pregnant woman holding a sign
110604,training/memes/110604.png,a close up of a person wearing a costume with a face
110605,training/memes/110605.jpeg,a woman in a black shirt is posing for a picture
110606,training/memes/110606.jpeg,a cartoon of a woman in a red dress and a cartoon of a woman in a red dress
110607,training/memes/110607.jpeg,cartoon of a woman in a pink dress is trying to get a drink
110608,training/memes/110608.png,there is a statue of a man with a hat on it
110609,training/memes/110609.jpeg,a cartoon picture of a woman laying on the ground with a man standing over her
110610,training/memes/110610.jpeg,a couple kissing each other with the words in spanish
110611,training/memes/110611.jpeg,"panda sitting on a log with a caption that reads, una panda gante en china fin"
110612,training/memes/110612.jpeg,a cartoon picture of a woman with a funny expression on her face
110613,training/memes/110613.jpeg,there are two women talking to each other in a room
110614,training/memes/110614.jpeg,a cartoon girl with blonde hair and a black top is sitting on a couch
110615,training/memes/110615.jpeg,a woman is talking to a man on the simpsons show
110616,training/memes/110616.jpeg,someone is holding a baby in a hospital room with a caption in spanish
110617,training/memes/110617.jpeg,a couple of people that are standing in front of a tv
110618,training/memes/110618.jpeg,a close up of a seal seal on a beach with a caption
110619,training/memes/110619.jpeg,a cartoon picture of a woman with a tv screen and a man in a purple shirt
110620,training/memes/110620.png,arafed image of a man with a pink bow on his head
110621,training/memes/110621.jpeg,cartoon girl talking on the phone with a red cord
110622,training/memes/110622.jpeg,a picture of a painting of a man standing on top of a hill
110623,training/memes/110623.png,a close up of two women in underwear posing for a picture
110624,training/memes/110624.jpeg,a picture taken from a cartoon of a bunch of people in a movie
110625,training/memes/110625.jpeg,a poster with a picture of a group of people in costumes
110626,training/memes/110626.jpeg,a picture of a group of women running down a street
110627,training/memes/110627.jpeg,a cartoon of a woman in a robe holding a book
110628,training/memes/110628.jpeg,two pictures of a cheerleaders are posing for a picture
110629,training/memes/110629.png,arafed woman laying on the floor in a public restroom
110630,training/memes/110630.jpeg,a close up of a cartoon character with a caption of a woman
110631,training/memes/110631.jpeg,there are two pictures of a woman with glasses and a jacket
110632,training/memes/110632.jpeg,a close up of a person with a smile on a street
110633,training/memes/110633.jpeg,a poster with a picture of a woman in a dress and a man in a suit
110634,training/memes/110634.jpeg,a woman in a pink dress is speaking into a microphone
110635,training/memes/110635.jpeg,a cartoon picture of a woman with glasses sitting in a chair
110636,training/memes/110636.jpeg,arafed woman sitting at a table with a sandwich and fries
110637,training/memes/110637.jpeg,a woman in a white shirt and black pants holding a microphone
110638,training/memes/110638.jpeg,a woman with long hair and a blue shirt is smiling
110639,training/memes/110639.jpeg,a close up of a person pointing at a map on a wall
110640,training/memes/110640.jpeg,a cartoon of a man and woman sitting on a chair
110641,training/memes/110641.jpeg,there are two pictures of a doll with a fake face and a fake doll with a fake face
110642,training/memes/110642.jpeg,a man with a funny expression on his face in a suit
110643,training/memes/110643.jpeg,arafed man in suit sitting at a table with a glass of water
110644,training/memes/110644.jpeg,arafed woman in a white shirt and black shorts is standing in a hallway with a red
110645,training/memes/110645.png,a cartoon picture of a man holding a gun in his hand
110646,training/memes/110646.jpeg,a woman splashes water on her face while she is running
110647,training/memes/110647.jpeg,there are many pictures of a man with a hat on
110648,training/memes/110648.jpeg,a man in a suit and tie is talking to someone
110649,training/memes/110649.jpeg,a close up of a person sitting on a floor with a smile on their face
110650,training/memes/110650.jpeg,a poster with a picture of a woman with a sad face
110651,training/memes/110651.png,a cartoon spongebob sitting on a couch with a caption in spanish
110652,training/memes/110652.jpeg,there is a man in a suit pointing at the camera
110653,training/memes/110653.jpeg,a close up of a woman with a surprised look on her face
110654,training/memes/110654.jpeg,arafed image of a child taking a picture of a person taking a picture of herself
110655,training/memes/110655.jpeg,a close up of a person touching a monster's mouth with a caption
110656,training/memes/110656.jpeg,arafed image of a man in a suit sitting at a table
110657,training/memes/110657.jpeg,a close up of a bat with a tooth sticking out of it's mouth
110658,training/memes/110658.jpeg,arafed chihuahua dog with collar looking up at camera
110659,training/memes/110659.jpeg,a close up of a person with a face with a smile
110660,training/memes/110660.png,there is a picture of a woman with a funny face
110661,training/memes/110661.jpeg,arafed woman in a hospital room eating a piece of food
110662,training/memes/110662.jpeg,a cartoon bear holding a piece of paper with the caption of a poem
110663,training/memes/110663.jpeg,there are a group of people that are sitting on a bed
110664,training/memes/110664.jpeg,a cartoon picture of a woman sitting at a desk talking on a phone
110665,training/memes/110665.jpeg,there are two pictures of a man in a hospital room
110666,training/memes/110666.jpeg,there is a woman sitting in a lecture room with a cell phone
110667,training/memes/110667.jpeg,two women in white shirts and a man in a white shirt
110668,training/memes/110668.jpeg,a close up of a man wearing a hat with a cross on it
110669,training/memes/110669.png,a close up of a person with a clown face on a twitter post
110670,training/memes/110670.jpeg,a woman in a white shirt holding a syet in her hand
110671,training/memes/110671.png,a woman in a white shirt is talking to a man in a hospital bed
110672,training/memes/110672.jpeg,there is a dog wearing a hat with a cross on it
110673,training/memes/110673.png,a close up of a person holding up two cans of soda
110674,training/memes/110674.jpeg,arafed picture of a dog with a red cross on its head
110675,training/memes/110675.jpeg,a woman in a costume is standing in a room
110676,training/memes/110676.jpeg,arafed image of a man in a white lab coat and a group of women in green
110677,training/memes/110677.jpeg,a close up of a hamster with a cross on its chest
110678,training/memes/110678.jpeg,cartoon of a group of people with a caption of a nurse and a nurse
110679,training/memes/110679.jpeg,there are two pictures of a hospital room with a bed and a cartoon character
110680,training/memes/110680.jpeg,a picture of a picture of a book with a caption of a picture of a person holding
110681,training/memes/110681.jpeg,there is a man reading a book in a library
110682,training/memes/110682.jpeg,a white sign with a red and blue logo on it
110683,training/memes/110683.jpeg,arafed man holding a stack of books in a room
110684,training/memes/110684.jpeg,a close up of a sign with a picture of a person on it
110685,training/memes/110685.jpeg,cartoon of a man and woman talking to each other
110686,training/memes/110686.jpeg,a cartoon of a man and woman talking to each other
110687,training/memes/110687.jpeg,a close up of a person sitting in a chair with a sign
110688,training/memes/110688.png,a picture of a picture of a bunch of shoes with different faces
110689,training/memes/110689.jpeg,a cartoon of a man and woman talking to each other
110690,training/memes/110690.png,a screenshot of a text message from a woman who is on her phone
110691,training/memes/110691.jpeg,a cartoon of a comic strip with a man and a woman
110692,training/memes/110692.jpeg,a close up of a person sitting on a floor with a book
110693,training/memes/110693.jpeg,a cartoon of a woman in glasses standing in front of lockers
110694,training/memes/110694.jpeg,a man in a suit and tie is talking to someone
110695,training/memes/110695.jpeg,a bunch of different types of hair with different colors
110696,training/memes/110696.jpeg,a picture taken from a webpage of a spanish language
110697,training/memes/110697.jpeg,someone is cutting a piece of paper with a pair of scissors
110698,training/memes/110698.png,arafed image of a man reading a book and a book with a bookmark
110699,training/memes/110699.jpeg,there is a dog that is laying down on a bed
110700,training/memes/110700.jpeg,arafed man reading a book with a top hat and glasses
110701,training/memes/110701.jpeg,there is a doll with a green eyes and a yellow shirt
110702,training/memes/110702.jpeg,a couple of pictures of a woman with a sword and a man with a sword
110703,training/memes/110703.jpeg,a picture taken from a facebook page of a man with glasses on
110704,training/memes/110704.jpeg,there are two pictures of a woman in a bikini and a man in a bikini
110705,training/memes/110705.jpeg,a man in a white shirt and sunglasses sitting on a bus
110706,training/memes/110706.jpeg,a close up of a woman in a black dress holding a martini
110707,training/memes/110707.jpeg,a picture taken from a facebook account shows a woman in a red dress and a man in a
110708,training/memes/110708.jpeg,a woman in a black dress standing on a brick street
110709,training/memes/110709.jpeg,a close up of a man in a suit and tie with a caption
110710,training/memes/110710.jpeg,arafed woman leaning on a desk in front of a blackboard
110711,training/memes/110711.jpeg,a close up of a person in a car with a mirror
110712,training/memes/110712.jpeg,"cartoon of a woman with a sign that says, el escotete"
110713,training/memes/110713.jpeg,a woman with a clown face and a clown mask on
110714,training/memes/110714.jpeg,a close up of a person with a shirt on and a picture of a man
110715,training/memes/110715.jpeg,a close up of a text message with a picture of a baby
110716,training/memes/110716.jpeg,a close up of a person on a television with a news anchor
110717,training/memes/110717.jpeg,a woman sticking her tongue out with a caption in spanish
110718,training/memes/110718.jpeg,a group of women in orange skirts holding pizzas and posing for a picture
110719,training/memes/110719.jpeg,a close up of a woman with long blonde hair and a costume
110720,training/memes/110720.jpeg,a close up of a cartoon character with a caption of a child
110721,training/memes/110721.jpeg,a man in a purple suit and tie sitting down with a hat on
110722,training/memes/110722.jpeg,a picture of a man riding a horse on top of a wave
110723,training/memes/110723.jpeg,a close up of a child with a fire in the background
110724,training/memes/110724.jpeg,a woman in a purple shirt is standing with her arms crossed
110725,training/memes/110725.jpeg,cartoon of a man talking to a child in a baby carriage
110726,training/memes/110726.jpeg,a cartoon picture of a man and woman in a dress talking to each other
110727,training/memes/110727.png,a cartoon of a woman in bed with a speech bubble above her head
110728,training/memes/110728.jpeg,a cartoon picture of a woman drinking a drink with a simpsons character
110729,training/memes/110729.jpeg,a picture of a man in armor holding a sword in front of a sky
110730,training/memes/110730.jpeg,there are two pictures of a man and woman with a child
110731,training/memes/110731.jpeg,a picture of a kid with a fist in his hand saying no voy a ser princesa
110732,training/memes/110732.jpeg,a cartoon picture of a man with long hair and a beard
110733,training/memes/110733.jpeg,a cartoon of a man and woman talking to each other
110734,training/memes/110734.jpeg,spanish me hago la estrecha para que me ruegui me hago la estre
110735,training/memes/110735.jpeg,a cartoon picture of a man laughing with a caption in spanish
110736,training/memes/110736.jpeg,arafed man with a beard and no shirt holding a pair of scissors
110737,training/memes/110737.jpeg,arafed image of a little boy standing in front of a door
110738,training/memes/110738.jpeg,arafed picture of a man in a suit and tie speaking on a news program
110739,training/memes/110739.jpeg,a man in a white shirt is holding a toothbrush
110740,training/memes/110740.jpeg,a close up of a person with a picture of a person with a picture of a person
110741,training/memes/110741.jpeg,there is a man in a suit pointing at the camera
110742,training/memes/110742.jpeg,a cartoon picture of a woman talking to a man in a red shirt
110743,training/memes/110743.jpeg,a close up of a person holding their head with a hand
110744,training/memes/110744.jpeg,a picture of a man with a scarf on and a green background
110745,training/memes/110745.jpeg,yoda - sita vagina estrecha tenes allarte de turco de
110746,training/memes/110746.jpeg,a picture of a woman in a graduation gown pointing at a drawing
110747,training/memes/110747.jpeg,there is a man in uniform holding a plate of food
110748,training/memes/110748.jpeg,a cartoon picture of a man in a suit and tie talking to a woman
110749,training/memes/110749.jpeg,a close up of a person sitting on a couch with a cupcake
110750,training/memes/110750.jpeg,a picture of a woman with a sword in her hand and a quote on it
110751,training/memes/110751.jpeg,a cartoon comic strip with a man sitting at a table talking to a woman
110752,training/memes/110752.jpeg,a picture of a man with a hat and glasses on
110753,training/memes/110753.jpeg,a cartoon image of a bar with people sitting at it
110754,training/memes/110754.png,there are two dogs that are standing next to each other
110755,training/memes/110755.jpeg,a woman wearing a mask and a red hat is smiling
110756,training/memes/110756.jpeg,a cartoon of a man with glasses and a green shirt
110757,training/memes/110757.png,arafed chihuahua in a sweater sitting on a person's lap
110758,training/memes/110758.jpeg,there is a cat that is laying down on its back
110759,training/memes/110759.jpeg,a cartoon picture of a man holding money and a woman holding a baby
110760,training/memes/110760.png,arafed image of a man with a pink bow on his head
110761,training/memes/110761.jpeg,a cartoon picture of a man and a woman sitting on a bed
110762,training/memes/110762.jpeg,cartoon of a woman sitting in a chair in front of a computer
110763,training/memes/110763.png,a cartoon of a man and woman talking to each other
110764,training/memes/110764.jpeg,a close up of a person in a hat on a cell phone
110765,training/memes/110765.jpeg,there is a man standing in front of a group of people
110766,training/memes/110766.jpeg,a cartoon drawing of a person sitting in a chair with a needle in their head
110767,training/memes/110767.jpeg,a cartoon picture of a man smoking a cigarette with a caption of the caption
110768,training/memes/110768.jpeg,"a poster with a picture of a man laughing and a caption that says, as que me"
110769,training/memes/110769.jpeg,a close up of two pictures of a man with a smile
110770,training/memes/110770.jpeg,a cartoon picture of a woman and a man with different facial expressions
110771,training/memes/110771.jpeg,a picture of a man with a mustache and a mustache on his face
110772,training/memes/110772.jpeg,a picture of a man with a black hair and a black collar
110773,training/memes/110773.jpeg,arafed man sitting on a couch with a remote in his lap
110774,training/memes/110774.jpeg,arafed man in a striped shirt is standing in front of a bus
110775,training/memes/110775.jpeg,there is a woman splashing water on her face with a caption
110776,training/memes/110776.jpeg,a man in a scarf is looking at the camera with a caption
110777,training/memes/110777.jpeg,a man in a black shirt is staring at something
110778,training/memes/110778.jpeg,a picture of a man with a mustache and a woman with a beard and a man with a
110779,training/memes/110779.jpeg,arafed man in a tie with his hands up in the air
110780,training/memes/110780.png,there are two pictures of a cat with blue eyes and a cat with blue eyes
110781,training/memes/110781.jpeg,a series of pictures of different people with different faces
110782,training/memes/110782.jpeg,y u no meme - si ha pagina trata bequida de genero por
110783,training/memes/110783.jpeg,there is a man with a hat on his head and a caption in spanish
110784,training/memes/110784.jpeg,there is a man in a white suit and red tie
110785,training/memes/110785.jpeg,a picture taken from a video of a man on a cell phone
110786,training/memes/110786.jpeg,a close up of a person wearing a jacket and a shirt
110787,training/memes/110787.jpeg,a cartoon picture of a man with a hat on his head
110788,training/memes/110788.jpeg,a couple of pictures of people standing in front of a bus
110789,training/memes/110789.jpeg,a close up of a person in a pink skirt texting on a cell phone
110790,training/memes/110790.jpeg,a picture of a woman in a skirt and a hat with a caption of a woman in
110791,training/memes/110791.jpeg,a cartoon of jesus and a woman talking to each other
110792,training/memes/110792.jpeg,a group of anime characters with a caption saying give quies me poo
110793,training/memes/110793.jpeg,there is a woman standing at a counter with a sign in front of her
110794,training/memes/110794.jpeg,anime meme of a woman and a man sitting at a table
110795,training/memes/110795.jpeg,a close up of a person holding a fake cock in their hand
110796,training/memes/110796.jpeg,a close up of a person holding their head in their hands
110797,training/memes/110797.jpeg,a couple of people that are sitting down with a text
110798,training/memes/110798.jpeg,a close up of a person wearing a skirt and a ring
110799,training/memes/110799.jpeg,a poster with a picture of a woman in a skirt and a man in a skirt
110800,training/memes/110800.jpeg,four pictures of a woman in a short dress standing in a room
110801,training/memes/110801.jpeg,there are two pictures of a woman in a dress and a sign
110802,training/memes/110802.jpeg,a close up of a person wearing a red skirt and a white top
110803,training/memes/110803.jpeg,there are many different pictures of a man in a skirt and a man in a shirt
110804,training/memes/110804.jpeg,a cartoon of a woman in a black outfit and a hat
110805,training/memes/110805.jpeg,"a cartoon picture of a girl with a sad face and a caption that reads,"
110806,training/memes/110806.jpeg,a close up of a person standing in a room with a light
110807,training/memes/110807.jpeg,a cartoon picture of a group of people in a room with a woman in a skirt
110808,training/memes/110808.jpeg,arafed woman in a skirt and a man in a sweater
110809,training/memes/110809.jpeg,a close up of a person in a suit and a person in a tie
110810,training/memes/110810.jpeg,cartoon of a group of people with signs in different languages
110811,training/memes/110811.jpeg,there is a man that is smoking a cigarette in his mouth
110812,training/memes/110812.jpeg,a poster with a picture of people and a clock
110813,training/memes/110813.jpeg,a close up of a person with a speech bubble above their head
110814,training/memes/110814.jpeg,a cartoon picture of a woman washing her hair in a bathtub
110815,training/memes/110815.jpeg,a cartoon of a woman talking to a man and a woman talking to him
110816,training/memes/110816.jpeg,cartoon of a penguin with a gun and a penguin with a gun
110817,training/memes/110817.jpeg,arafed cartoon of a man sitting on the floor with a woman sitting on the floor
110818,training/memes/110818.jpeg,a woman with dreadlocks and glasses sitting in front of a crowd
110819,training/memes/110819.jpeg,cartoon of a man in a white robe holding a sword and a sign that says que lo que
110820,training/memes/110820.jpeg,cartoon of a woman with a large breast and a man with a large breast
110821,training/memes/110821.jpeg,a close up of a person with glasses on smiling at the camera
110822,training/memes/110822.jpeg,arafed woman with a shaved head and a caption of a caption
110823,training/memes/110823.jpeg,a woman sitting on a couch with a remote in her hand
110824,training/memes/110824.jpeg,a cartoon image of a man laughing with a caption in spanish
110825,training/memes/110825.jpeg,a cartoon picture of a woman with a flower in her hand and a man with a hat on
110826,training/memes/110826.jpeg,a man with long hair and a beard looks at the camera
110827,training/memes/110827.jpeg,a cartoon picture of a man with glasses and a woman with glasses
110828,training/memes/110828.jpeg,woman holding a glass of wine in front of her face
110829,training/memes/110829.jpeg,"arafed woman with glasses and a blue top with a caption that reads, compet"
110830,training/memes/110830.jpeg,a close up of a person with a green face and a dress
110831,training/memes/110831.jpeg,a woman in a white dress and a man in a suit and tie
110832,training/memes/110832.jpeg,smiling woman with mexican flag and a mexican flag on her shoulder
110833,training/memes/110833.jpeg,a close up of two pictures of a woman with glasses
110834,training/memes/110834.jpeg,"a man laughing with a caption that reads, se cee my bonita y'mas"
110835,training/memes/110835.jpeg,there are two pictures of a man with a shower head and a woman with a shower head
110836,training/memes/110836.jpeg,arafed picture of a bunch of people with different expressions
110837,training/memes/110837.jpeg,arafed picture of a woman with glasses and a bag
110838,training/memes/110838.png,arafed woman with glasses and a red tie and a brown jacket
110839,training/memes/110839.jpeg,arafed woman with a teary expression on her face
110840,training/memes/110840.jpeg,arafed woman with sunglasses making a funny face with a caption
110841,training/memes/110841.jpeg,a cartoon picture of a man and woman talking to each other
110842,training/memes/110842.jpeg,a black and white photo of a woman with glasses on her face
110843,training/memes/110843.jpeg,a cartoon picture of a girl talking on a phone and a girl holding a phone
110844,training/memes/110844.jpeg,there is a cat that is sitting on a table with knives
110845,training/memes/110845.jpeg,a cartoon of a man and woman shaking hands with a sign above them
110846,training/memes/110846.jpeg,a cartoon drawing of a man with different facial expressions
110847,training/memes/110847.jpeg,a close up of a person on a twitter post with a picture of a woman
110848,training/memes/110848.jpeg,a cartoon image of a man holding a book in his hand
110849,training/memes/110849.jpeg,a cartoon picture of a woman with purple hair and glasses
110850,training/memes/110850.jpeg,a cartoon picture of a man driving a car with a woman in the driver seat
110851,training/memes/110851.jpeg,arafocches - una feminaaz se esta ponendo agresiva con
110852,training/memes/110852.jpeg,a woman in a pink top singing into a microphone
110853,training/memes/110853.jpeg,a cartoon of a man in a red shirt is pointing at a button
110854,training/memes/110854.jpeg,arafed image of a couple of people standing on a baseball field
110855,training/memes/110855.jpeg,a cartoon picture of a man and woman with different expressions
110856,training/memes/110856.jpeg,a cartoon of a woman with purple hair and a button
110857,training/memes/110857.jpeg,a picture taken from a photo of two girls with a caption in spanish
110858,training/memes/110858.jpeg,a woman holding her head in her hands with a caption that reads dobes mujers
110859,training/memes/110859.jpeg,"a cartoon picture of a man in a suit and tie with a caption saying,'to"
110860,training/memes/110860.jpeg,"a cartoon picture of a young gohan with a caption that reads,'i am not"
110861,training/memes/110861.jpeg,a group of women sitting in a room with a woman standing next to them
110862,training/memes/110862.jpeg,a picture of a man with a beard and a hat on
110863,training/memes/110863.jpeg,a cartoon of a man is talking to a woman in front of a tv
110864,training/memes/110864.jpeg,blond woman in yellow bikini sitting on man's lap
110865,training/memes/110865.jpeg,cartoon of a woman with horns and a demon face with a speech bubble
110866,training/memes/110866.jpeg,"a troll face with a caption saying, sex is sex"
110867,training/memes/110867.jpeg,a cartoon picture of a man with a beard and a woman with a pink hat
110868,training/memes/110868.jpeg,two men in suits are smiling and one is holding a soccer ball
110869,training/memes/110869.jpeg,a close up of a bunch of different pictures of people
110870,training/memes/110870.jpeg,a man with a beard and a white shirt standing next to another man
110871,training/memes/110871.jpeg,a picture taken from a concert with a man on stage
110872,training/memes/110872.jpeg,a woman in a bikini sitting on a chair with a remote control
110873,training/memes/110873.jpeg,a close up of a person in a suit and tie with a caption
110874,training/memes/110874.jpeg,there is a picture of a cat dressed in a green dress
110875,training/memes/110875.jpeg,a cartoon of a woman is talking to a man about a baby
110876,training/memes/110876.jpeg,a tweet with a picture of a man in a suit and tie
110877,training/memes/110877.jpeg,a man with glasses and a beard is looking at the camera
110878,training/memes/110878.jpeg,woman talking on a microphone with a caption in spanish
110879,training/memes/110879.jpeg,"arafed man in a pool with a caption saying,'prelude? ajaxs?"
110880,training/memes/110880.jpeg,a green and black picture of a dinosaur with a pipe in its mouth
110881,training/memes/110881.jpeg,there are many people sitting around a pool with a man in the middle
110882,training/memes/110882.jpeg,there is a man with a baseball bat in his hand
110883,training/memes/110883.jpeg,a picture of a troll troll troll troll troll troll troll troll troll troll troll troll troll troll troll
110884,training/memes/110884.png,there are two pictures of a little girl laying on the floor
110885,training/memes/110885.jpeg,a picture of a picture of a car and a picture of a person in a car
110886,training/memes/110886.jpeg,arafed picture of a woman is taking a picture of a bus
110887,training/memes/110887.jpeg,a close up of a person with a stuffed animal in a dress
110888,training/memes/110888.jpeg,a black and white image of a man with a finger up
110889,training/memes/110889.jpeg,a close up of a person holding a sign with a picture of a woman
110890,training/memes/110890.jpeg,a poster with a woman in a lab coat and a man in a lab coat
110891,training/memes/110891.jpeg,a screenshot of a group of people sharing a text message
110892,training/memes/110892.jpeg,a close up of a woman with a necklace on her neck
110893,training/memes/110893.jpeg,a black and white photo of a man in a suit and tie
110894,training/memes/110894.jpeg,two pictures of a little girl and a little boy playing in a public bathroom
110895,training/memes/110895.jpeg,a cartoon picture of a woman and a man with a crown on their heads
110896,training/memes/110896.jpeg,a picture taken from a facebook account of a man with a rainbow flag on his head
110897,training/memes/110897.jpeg,cartoon of a man and a child in a room with a rainbow flag
110898,training/memes/110898.jpeg,a picture of a man in a hat and a woman in a scarf
110899,training/memes/110899.jpeg,a close up of a woman with a bunch of people on her face
110900,training/memes/110900.jpeg,arafed image of a man with a mustache and a tie
110901,training/memes/110901.jpeg,a picture of a man in a green shirt and hat
110902,training/memes/110902.jpeg,a green and black picture of a philo - philo with a pipe in his mouth
110903,training/memes/110903.jpeg,a close up of a person holding a book with a hand on it
110904,training/memes/110904.jpeg,there are many pictures of a woman and a man in a suit
110905,training/memes/110905.jpeg,arafed image of a man in orange and white soccer uniform kicking a soccer ball
110906,training/memes/110906.jpeg,a poster with a picture of a man in a hat and a woman in a dress
110907,training/memes/110907.jpeg,cartoon of a man reading a paper with a rainbow on it
110908,training/memes/110908.jpeg,y u no meme - si ha pagina trata bequida de genero por
110909,training/memes/110909.jpeg,cartoon of a woman talking to a man and a man who is talking to her
110910,training/memes/110910.jpeg,a cartoon picture of a woman and a man in different poses
110911,training/memes/110911.png,there are two pictures of a man and a woman with hats
110912,training/memes/110912.jpeg,there are two pictures of a man and a woman sitting on a couch
110913,training/memes/110913.jpeg,there is a man with a hat on his head and a caption in spanish
110914,training/memes/110914.png,there are two pictures of a cat with blue eyes and a cat with blue eyes
110915,training/memes/110915.png,there is a woman with a pink headband on and a pink shirt
110916,training/memes/110916.jpeg,there is a painting of a woman being held up by two men
110917,training/memes/110917.jpeg,arafed woman in yellow shirt standing in front of counter with a man in blue jeans
110918,training/memes/110918.jpeg,a woman in a red top is standing next to a man in a white shirt
110919,training/memes/110919.jpeg,a close up of a picture of a baby in a bed with a pillow
110920,training/memes/110920.jpeg,there is a woman with headphones on talking to someone
110921,training/memes/110921.jpeg,woman in striped shirt holding up a picture of a woman with a large breast
110922,training/memes/110922.jpeg,a woman in a silver dress standing in front of a door
110923,training/memes/110923.png,there is a large stuffed animal in a store with a caption
110924,training/memes/110924.jpeg,there is a woman with headphones on standing in a room
110925,training/memes/110925.jpeg,there is a woman that is holding a cell phone in her hand
110926,training/memes/110926.png,"a man and woman kissing each other with a caption that reads, amor estoy gonda"
110927,training/memes/110927.jpeg,arafed woman holding a knife and a knife in her hand
110928,training/memes/110928.jpeg,a man laying on the back of a car with a tire
110929,training/memes/110929.jpeg,a close up of a person holding a cell phone near a tree
110930,training/memes/110930.jpeg,a close up of a cartoon character with a laptop and a bunch of other cartoon characters
110931,training/memes/110931.jpeg,there is a dog wearing a sweater sitting on a couch
110932,training/memes/110932.jpeg,a close up of a person sitting on a floor with a dog
110933,training/memes/110933.jpeg,a close up of two pictures of a woman holding a plate of food
110934,training/memes/110934.jpeg,there is a woman in a yellow outfit standing in front of a mirror
110935,training/memes/110935.jpeg,arafed picture of a little girl sitting in a chair with a big belly
110936,training/memes/110936.jpeg,a close up of a text message with a picture of a person on it
110937,training/memes/110937.jpeg,a close up of a person in a suit and tie with a caption
110938,training/memes/110938.jpeg,a picture taken from a spanish newspaper with a picture of people riding horses
110939,training/memes/110939.jpeg,a cartoon drawing of a man with a banana in his mouth
110940,training/memes/110940.jpeg,there is a man in a suit pointing at the camera
110941,training/memes/110941.jpeg,a close up of a person in a suit and tie with a caption
110942,training/memes/110942.jpeg,"a screenshot of a cell phone with a message that says, a person has no feelings"
110943,training/memes/110943.jpeg,a man with a beard and a black shirt is smiling
110944,training/memes/110944.jpeg,there is a man with a beard and glasses sitting in a chair
110945,training/memes/110945.jpeg,a cartoon picture of a woman in a red shirt and a man in a red shirt
110946,training/memes/110946.jpeg,arafed image of a man pointing at the camera with a caption in spanish
110947,training/memes/110947.jpeg,arafed picture of a woman in a red tank top talking on a cell phone
110948,training/memes/110948.jpeg,a close up of a child with a fire in the background
110949,training/memes/110949.jpeg,a cartoon picture of a man with glasses and a beard and a text that reads perfect
110950,training/memes/110950.jpeg,a woman with a green shirt and a brown hair is talking to another woman
110951,training/memes/110951.png,a cartoon picture of a man in a suit pointing at a computer
110952,training/memes/110952.jpeg,a close up of a person with a picture of a woman
110953,training/memes/110953.jpeg,a cartoon drawing of a woman with different expressions and expressions
110954,training/memes/110954.jpeg,a woman in a bikini top is sitting on a counter
110955,training/memes/110955.jpeg,arafed image of a man with a beard and a tie
110956,training/memes/110956.jpeg,"there is a man in a suit and tie with a caption that says, heres una"
110957,training/memes/110957.jpeg,a comic strip with a cartoon of a man talking to another man
110958,training/memes/110958.jpeg,there are many different pictures of a woman with different facial expressions
110959,training/memes/110959.jpeg,a cartoon picture of a man with a hat and a woman with a purple hair
110960,training/memes/110960.jpeg,a screenshot of a man and woman with a fake picture of them
110961,training/memes/110961.jpeg,there is a man holding a sign with a fist on it
110962,training/memes/110962.jpeg,cartoon of a man in a red shirt is trying to get a woman out of the tub
110963,training/memes/110963.jpeg,a close up of a person in a suit holding a trophy
110964,training/memes/110964.jpeg,pep the pig and his friend are in a funny way
110965,training/memes/110965.jpeg,cartoon of a man and woman holding a sign with the same gender
110966,training/memes/110966.jpeg,a man with a black vest and tie is looking at the camera
110967,training/memes/110967.jpeg,a screenshot of a man with a tweet and a twitter message
110968,training/memes/110968.jpeg,several pictures of a woman holding signs with different expressions
110969,training/memes/110969.jpeg,cartoon of a man and woman talking to each other
110970,training/memes/110970.jpeg,there is a man that is eating something in front of a blackboard
110971,training/memes/110971.jpeg,a cartoon of a woman is sitting at a computer and talking to a man
110972,training/memes/110972.jpeg,a cartoon image of a man holding a book in his hand
110973,training/memes/110973.jpeg,a cartoon image of a face with a caption saying muere como tu haces much and
110974,training/memes/110974.jpeg,a cartoon of a woman talking to a man about her feelings
110975,training/memes/110975.jpeg,a man crying in front of a crowd with a caption that reads quema compreen
110976,training/memes/110976.jpeg,a couple of pictures of people with face paint and body paint
110977,training/memes/110977.jpeg,a cartoon picture of a man and woman in a room with a window
110978,training/memes/110978.jpeg,spanish poster of a baseball game with a man and a child
110979,training/memes/110979.jpeg,a cartoon of a woman with a child in her lap and a man with a knife in his
110980,training/memes/110980.jpeg,a picture of a poster with a tree and ladders on it
110981,training/memes/110981.jpeg,a picture of a boy laughing with a caption in spanish
110982,training/memes/110982.jpeg,there are three pictures of a man and woman playing poker
110983,training/memes/110983.jpeg,a cartoon picture of two people standing in a field with speech bubbles
110984,training/memes/110984.jpeg,a woman sitting in a chair with a tweet on her face
110985,training/memes/110985.jpeg,cartoon of a man kneeling down with a note on a bed
110986,training/memes/110986.png,a close up of a woman talking to another woman in a room
110987,training/memes/110987.jpeg,a cartoon image of a man in a tie sitting at a desk
110988,training/memes/110988.jpeg,a woman holding her head in her hands with a caption saying no se como desarte est
110989,training/memes/110989.jpeg,arafed woman pointing a gun at a man with a purple scarf
110990,training/memes/110990.jpeg,a cartoon picture of a group of people with a wheelchair
110991,training/memes/110991.jpeg,cartoon of a man and woman protesting against a construction worker
110992,training/memes/110992.png,a close up of a person with a cane and a person with a wheel chair
110993,training/memes/110993.jpeg,cartoon of a horse made out of cardboard with a man pulling it
110994,training/memes/110994.jpeg,a cartoon of a man with a beard and glasses next to another man with a beard
110995,training/memes/110995.jpeg,a poster with a picture of people in different poses
110996,training/memes/110996.jpeg,a close up of a person sitting on a cement mixer
110997,training/memes/110997.jpeg,two women are eating hot dogs at a sporting event
110998,training/memes/110998.jpeg,arafed man in a red wig and bandana standing in front of a fire
110999,training/memes/110999.jpeg,a man with a beard and a mustache is looking at the camera
111000,training/memes/111000.jpeg,y u no meme - si ha pagina trata bequida de genero por
111001,training/memes/111001.jpeg,cartoon of a woman and a man sharing a conversation
111002,training/memes/111002.jpeg,a close up of a cartoon of a person with different signs
111003,training/memes/111003.jpeg,a bunch of pictures of a woman and a man with a baby
111004,training/memes/111004.jpeg,there is a poster with a girl drinking from a bottle
111005,training/memes/111005.jpeg,a close up of a person wearing a purple suit and tie
111006,training/memes/111006.jpeg,a woman is making a funny face while speaking on a twitter account
111007,training/memes/111007.jpeg,a cartoon picture of a woman with a beard and a man with a beard
111008,training/memes/111008.jpeg,a cartoon picture of a man with a beard and a woman with a beard
111009,training/memes/111009.jpeg,there are two pictures of a man and a woman in bed
111010,training/memes/111010.jpeg,a cartoon picture of a guy with purple hair and a plaid shirt
111011,training/memes/111011.jpeg,a picture of a picture of the earth with the caption of the words interplansum
111012,training/memes/111012.jpeg,a close up of a purple gate with a sign on it
111013,training/memes/111013.jpeg,there are many men in suits and hats standing together
111014,training/memes/111014.jpeg,arafed man sitting in a chair with a book and a notepad
111015,training/memes/111015.jpeg,a cartoon of a man sitting at a table with a laptop and a drawing of a man on
111016,training/memes/111016.jpeg,"a frog sitting on the ground with a caption saying, poula mayorada las mueres"
111017,training/memes/111017.jpeg,a close up of a person with a creepy face and a text
111018,training/memes/111018.jpeg,a cartoon of a woman holding a pen and writing on a paper
111019,training/memes/111019.jpeg,a picture of a man sitting on a bench next to a bear
111020,training/memes/111020.jpeg,a picture of a picture of a woman with glasses and a man with a tie
111021,training/memes/111021.jpeg,there is a man holding a camera in front of a building
111022,training/memes/111022.jpeg,a close up of a person pointing a finger at something
111023,training/memes/111023.jpeg,a group of pictures of different characters from the comics
111024,training/memes/111024.jpeg,a close up of a person on a twitter account with a tie
111025,training/memes/111025.jpeg,there is a sign that says that there is a bicycle on it
111026,training/memes/111026.jpeg,a cartoon of a woman in bed with a speech bubble above her head
111027,training/memes/111027.jpeg,there is a woman sitting on the floor with a tape over her mouth
111028,training/memes/111028.jpeg,a cartoon picture of a man with a very angry look on his face
111029,training/memes/111029.jpeg,y u meme - porque la mayoria del amueres sin mentriosas
111030,training/memes/111030.jpeg,a couple of pictures of a man and a woman in uniform
111031,training/memes/111031.jpeg,arafed woman kneeling down on a rock with a knife in her hand
111032,training/memes/111032.jpeg,a woman is talking to a child who is holding a banana
111033,training/memes/111033.jpeg,a cartoon picture of a woman and a man in bed
111034,training/memes/111034.jpeg,a black and white photo of a man with a mustache and a hand on his chin
111035,training/memes/111035.jpeg,arafed man standing in front of a wooden cabinet with a blue shirt on
111036,training/memes/111036.jpeg,a couple of people walking down a snow covered street next to a car
111037,training/memes/111037.jpeg,a cartoon picture of a man and woman with red eyes
111038,training/memes/111038.jpeg,a poster with a bunch of different cartoon characters on it
111039,training/memes/111039.jpeg,there are two pictures of a man in a construction site
111040,training/memes/111040.jpeg,arafed man in a suit sitting at a table with a microphone
111041,training/memes/111041.jpeg,"a cartoon spongebob with a caption that reads,'i am not a fan of"
111042,training/memes/111042.png,a close up of a person holding a pair of scissors
111043,training/memes/111043.jpeg,there is a girl that is standing in front of a fire
111044,training/memes/111044.jpeg,albert albert albert albert albert albert albert albert albert albert albert albert albert albert albert albert albert albert albert
111045,training/memes/111045.jpeg,there are two men with tape on their faces and one has a cup
111046,training/memes/111046.png,there is a woman in a yellow dress and a dog in a yellow dress
111047,training/memes/111047.jpeg,a cartoon picture of a guy with a thumbs up and a caption of the same character
111048,training/memes/111048.jpeg,a woman in a white dress and tiable sitting on a chair
111049,training/memes/111049.jpeg,a cartoon of a woman in a bikini and a man in a burqa
111050,training/memes/111050.jpeg,there is a little boy wearing a hat and tie and holding a banana
111051,training/memes/111051.jpeg,a cartoon picture of a woman holding a baby and a man holding a plate
111052,training/memes/111052.png,there are four pictures of a man with headphones on
111053,training/memes/111053.jpeg,there is a woman laying on the ground with a man in a top hat
111054,training/memes/111054.jpeg,a close up of a child with a picture of a person on it
111055,training/memes/111055.jpeg,arafed woman with a mask on sitting in a chair
111056,training/memes/111056.jpeg,there are two pictures of a crocodile and a butterfly on the back of it
111057,training/memes/111057.jpeg,there is a large lizard that is sitting on the ground
111058,training/memes/111058.jpeg,there is a man sitting in a car with a dog in the passenger seat
111059,training/memes/111059.jpeg,arafed woman in a yellow shirt holding a microphone and smiling
111060,training/memes/111060.jpeg,arafed man falling off a bike with a caption of yo jepaa
111061,training/memes/111061.jpeg,there are three pictures of a spider man on a chair
111062,training/memes/111062.jpeg,arafed man in a car with a snake on his lap
111063,training/memes/111063.jpeg,a close up of a lizard on a window sill next to a building
111064,training/memes/111064.jpeg,there is a dog laying on the ground next to a lizard
111065,training/memes/111065.jpeg,a cartoon picture of two women with different expressions and a caption of the same text
111066,training/memes/111066.jpeg,a cartoon picture of a woman with different facial expressions
111067,training/memes/111067.png,a close up of a person holding a pair of scissors
111068,training/memes/111068.png,a close up of a woman with a red shirt and a poster
111069,training/memes/111069.jpeg,a screenshot of a pokemon meme with a caption of a pikachu
111070,training/memes/111070.jpeg,a close up of a person with a beard and a suit
111071,training/memes/111071.jpeg,a cartoon picture of a woman in armor with a sword
111072,training/memes/111072.png,cartoon of a woman in a white dress with a yellow hair and a pink lip
111073,training/memes/111073.jpeg,a close up of a person sitting in a chair with a smile on their face
111074,training/memes/111074.jpeg,a woman is talking to a child who is holding a banana
111075,training/memes/111075.jpeg,two pictures of a man with a white shirt and a black man with a white shirt
111076,training/memes/111076.jpeg,there are two pictures of a woman with a donut in her mouth
111077,training/memes/111077.jpeg,a close up of a person wearing a costume with horns
111078,training/memes/111078.png,a close up of a text message with a picture of a monkey
111079,training/memes/111079.jpeg,arafed image of a girl with a surprised expression on her face
111080,training/memes/111080.jpeg,a cartoon picture of a girl with a phone in her hand
111081,training/memes/111081.jpeg,a close up of a person with a beard and a tweet
111082,training/memes/111082.jpeg,a cartoon picture of a group of people sitting around a table
111083,training/memes/111083.jpeg,there is a picture of a girl with a sign on her hand
111084,training/memes/111084.jpeg,a cartoon picture of a girl talking on a phone and a girl holding a phone
111085,training/memes/111085.jpeg,a picture taken from a meme of a man crying
111086,training/memes/111086.jpeg,a picture of a woman in a dress with a map in the background
111087,training/memes/111087.jpeg,a cartoon of a man in a red shirt is pointing at a button
111088,training/memes/111088.jpeg,a cartoon of a woman in bed with a cat and a dog
111089,training/memes/111089.jpeg,a cartoon drawing of a woman with a face full of hair and a man with a beard
111090,training/memes/111090.jpeg,there are two pictures of a woman with a green blindfold
111091,training/memes/111091.jpeg,a bunch of pictures of different characters from the movies
111092,training/memes/111092.jpeg,there are two women laughing and laughing in a movie theater
111093,training/memes/111093.jpeg,a close up of a child with a cup in her hand
111094,training/memes/111094.jpeg,a black and white photo of a woman with a long braid
111095,training/memes/111095.jpeg,a picture of a woman in a bathing suit and a man in a suit with a megaphone
111096,training/memes/111096.jpeg,there is a man standing in front of a group of people
111097,training/memes/111097.jpeg,a cartoon picture of a man driving a car with a woman in the driver seat
111098,training/memes/111098.jpeg,there are two pictures of a man and a woman playing a trumpet
111099,training/memes/111099.jpeg,someone is holding a bottle of pills and a hand holding a bottle of pills
111100,training/memes/111100.jpeg,there are people sitting on a bus with a pink umbrella
111101,training/memes/111101.jpeg,a cartoon picture of a woman in a red hoodie and a man in a blue jacket
111102,training/memes/111102.jpeg,there are two pictures of a dog that is sitting on a chair
111103,training/memes/111103.jpeg,a black and white photo of a woman with a hand on her head
111104,training/memes/111104.jpeg,a cartoon picture of a bunch of different pictures with a caption of a woman yelling
111105,training/memes/111105.jpeg,a cartoon picture of a woman with different expressions on her face
111106,training/memes/111106.jpeg,arafed image of a woman putting money in a jar
111107,training/memes/111107.jpeg,a cartoon picture of a man with a very big face
111108,training/memes/111108.jpeg,there is a monkey that is sticking its tongue out
111109,training/memes/111109.jpeg,arafed woman laying in bed with money in the shape of a cross
111110,training/memes/111110.jpeg,a close up of a child holding a glass of water
111111,training/memes/111111.jpeg,there are two pictures of a man and a woman with a chocolate bar
111112,training/memes/111112.jpeg,a close up of a godzilla attacking a crab on a beach
111113,training/memes/111113.jpeg,a poster with a bunch of different lines of text
111114,training/memes/111114.jpeg,a close up of a poster with many different pictures of men
111115,training/memes/111115.jpeg,a woman and a child are sitting on a couch and laughing
111116,training/memes/111116.jpeg,batman slapping a woman in a yellow shirt with a speech bubble above her
111117,training/memes/111117.jpeg,two pictures of a woman sitting in a stadium with a cell phone
111118,training/memes/111118.jpeg,"a cartoon of a woman with glasses and a man with a sign that says,"
111119,training/memes/111119.jpeg,a cartoon picture of a woman with a funny face and a caption of the same face
111120,training/memes/111120.jpeg,there are many cars parked in a row in a parking lot
111121,training/memes/111121.jpeg,cartoon of a woman with a green hair and a man with a beard
111122,training/memes/111122.jpeg,two pictures of a person laying on a beach with their feet up
111123,training/memes/111123.jpeg,a close up of a person with a face painted with a skeleton
111124,training/memes/111124.jpeg,arafed woman in pink shirt with face paint and a funny expression
111125,training/memes/111125.jpeg,a woman sitting at a table with a book and a banana
111126,training/memes/111126.jpeg,there is a woman driving a car with a sign in the background
111127,training/memes/111127.jpeg,a close up of a person holding a cell phone near a woman
111128,training/memes/111128.jpeg,woman sitting on a couch holding a cell phone in her hand
111129,training/memes/111129.png,there is a little girl that is sitting on a couch
111130,training/memes/111130.jpeg,there is a white sign with a black text on it
111131,training/memes/111131.jpeg,a woman with long hair wearing a white shirt and blue and white shirt
111132,training/memes/111132.jpeg,a cartoon image of a man in a suit and tie sitting at a table
111133,training/memes/111133.jpeg,cartoon of a man and woman holding a sign with the words obama and the president
111134,training/memes/111134.jpeg,a close up of a newspaper with a woman on it
111135,training/memes/111135.jpeg,a man in a blue shirt is leaning over a table with a pen and paper
111136,training/memes/111136.jpeg,arafed woman with a bloody face and a man with a bloody face
111137,training/memes/111137.jpeg,a poster of a group of people with speech bubbles on them
111138,training/memes/111138.jpeg,arafed image of a group of people standing in front of a building
111139,training/memes/111139.jpeg,a picture of a man with long hair and beards sitting in a chair
111140,training/memes/111140.jpeg,there is a sign with a picture of a woman with a face
111141,training/memes/111141.jpeg,a woman is standing in front of a tv screen with a caption of the simpsons character
111142,training/memes/111142.jpeg,a woman in a white dress sitting at a table with a man in a white shirt
111143,training/memes/111143.png,a picture of a picture of a bunch of shoes with different faces
111144,training/memes/111144.jpeg,a picture of a picture of a man with a beard and a bottle of sham
111145,training/memes/111145.jpeg,a cartoon picture of a woman and a frog in a store
111146,training/memes/111146.jpeg,there are two pictures of a man in a construction site
111147,training/memes/111147.jpeg,a man with a beard drinking a beer in a black sweater
111148,training/memes/111148.jpeg,a picture of a man sitting at a table with a plate of food
111149,training/memes/111149.jpeg,a woman in a black dress and a man in a tuxedo
111150,training/memes/111150.jpeg,a picture of a cartoon of a woman and a man in prison
111151,training/memes/111151.jpeg,a cartoon picture of a man and woman in a hallway with a caption of a man and
111152,training/memes/111152.png,a picture of a woman and a man are talking to each other
111153,training/memes/111153.jpeg,"a picture of a man with a gun in his hand and a caption that reads, el"
111154,training/memes/111154.jpeg,a close up of a person on a cell phone with a tweet
111155,training/memes/111155.jpeg,there are two pictures of a woman in a green dress and a woman in a blue dress
111156,training/memes/111156.jpeg,a man in a purple jacket and hat sitting next to a woman
111157,training/memes/111157.jpeg,there are two pictures of a man writing on a white board
111158,training/memes/111158.jpeg,there is a woman that is talking to a man in a room
111159,training/memes/111159.jpeg,a picture taken from a facebook account shows a woman in a red jacket and a woman in a
111160,training/memes/111160.jpeg,a cartoon picture of a pink sponge with a green background
111161,training/memes/111161.jpeg,a group of women posing for a picture with a caption in spanish
111162,training/memes/111162.jpeg,arafed man in hospital bed with a woman in bed with a sydel
111163,training/memes/111163.jpeg,a close up of a child with a fire in the background
111164,training/memes/111164.jpeg,there is a man in a hat and a shirt with a sign
111165,training/memes/111165.jpeg,a cartoon picture of a man with a don't tread on him sign
111166,training/memes/111166.jpeg,arafed man and woman in a gym with a man in a white shirt
111167,training/memes/111167.jpeg,there are four frogs sitting in a flower pot with a caption
111168,training/memes/111168.jpeg,there is a picture of a dog that is in a restaurant
111169,training/memes/111169.jpeg,a close up of a statue of jesus giving a thumbs up
111170,training/memes/111170.jpeg,a cartoon picture of a man holding a dog in a room
111171,training/memes/111171.jpeg,a cartoon picture of a person holding a sign with a picture of a person holding a sign
111172,training/memes/111172.jpeg,a man in a white shirt is holding a toothbrush
111173,training/memes/111173.jpeg,a close up of a person holding a microphone in front of a black background
111174,training/memes/111174.jpeg,a woman with a microphone and a smile on her face
111175,training/memes/111175.jpeg,a woman in a white shirt is posing for a picture
111176,training/memes/111176.jpeg,"a black and white image of a guy laughing with a caption saying, las muertes"
111177,training/memes/111177.jpeg,a close up of a soccer field with a soccer player on it
111178,training/memes/111178.jpeg,arafed woman looking at her phone with a caption in spanish
111179,training/memes/111179.jpeg,a cartoon picture of a man and woman holding a box
111180,training/memes/111180.jpeg,a couple of women standing next to each other holding a sign
111181,training/memes/111181.jpeg,two pictures of a woman with glasses and a man with a red jacket
111182,training/memes/111182.jpeg,a woman in a pink jacket holding a newspaper and pointing at it
111183,training/memes/111183.jpeg,arafed image of a man and a woman with a doll
111184,training/memes/111184.jpeg,a picture taken from a video of a woman in a pink shirt and a pink jacket
111185,training/memes/111185.jpeg,two women are talking to each other in a room
111186,training/memes/111186.jpeg,two women laughing and laughing with a caption in the background
111187,training/memes/111187.jpeg,a close up of a woman with a smile on her face
111188,training/memes/111188.jpeg,a girl is smiling and holding her arms around her neck
111189,training/memes/111189.jpeg,there is a man in a suit and tie with a woman in the background
111190,training/memes/111190.jpeg,three men and a woman are standing in front of a building with blood on their faces
111191,training/memes/111191.jpeg,two pictures of a woman in a pink shirt and a woman in a black top
111192,training/memes/111192.jpeg,a close up of a person talking on a cell phone
111193,training/memes/111193.jpeg,a close up of a person in a car with a cell phone
111194,training/memes/111194.jpeg,a picture of a woman with a suitcase and a man with a suitcase
111195,training/memes/111195.jpeg,a picture taken from a movie with a woman smoking a cigarette
111196,training/memes/111196.jpeg,y u no meme y u no meme y u no meme y meme y
111197,training/memes/111197.jpeg,there is a woman with a monkey face and a banana leaf
111198,training/memes/111198.jpeg,"a cartoon image of a guy with a caption saying, segur que used noss astro"
111199,training/memes/111199.jpeg,a picture taken from a video of a man in a grey shirt
111200,training/memes/111200.jpeg,a close up of a person holding their head in their hands
111201,training/memes/111201.jpeg,a close up of a person talking on a cell phone
111202,training/memes/111202.jpeg,arafed man in a suit and tie with a caption saying ya casi es vie
111203,training/memes/111203.jpeg,a close up of a person wearing glasses and a black shirt
111204,training/memes/111204.png,a cartoon picture of a man in a suit and tie with a sky background
111205,training/memes/111205.jpeg,a cartoon picture of a man in a tie and a shirt with a tie on
111206,training/memes/111206.jpeg,there is a man in a red hat holding a baguet
111207,training/memes/111207.jpeg,a cartoon of a woman and two men with a bag of money
111208,training/memes/111208.jpeg,a cartoon picture of a man and a woman playing with a ball
111209,training/memes/111209.jpeg,a cartoon of a woman talking on a cell phone next to a man
111210,training/memes/111210.jpeg,a cartoon of a woman talking to a man and a woman with glasses
111211,training/memes/111211.jpeg,"a cartoon picture of two people in purple clothes with a caption that reads,"
111212,training/memes/111212.jpeg,arafed man sitting at a table with a cell phone in his hand
111213,training/memes/111213.jpeg,a cartoon picture of a woman talking to a man in a restaurant
111214,training/memes/111214.jpeg,"a cartoon spongeboat holding a sign that says, lenguae incluivo"
111215,training/memes/111215.jpeg,a close up of a person holding a sign with a picture of a woman
111216,training/memes/111216.jpeg,a couple of people riding on a bus with caption in spanish
111217,training/memes/111217.jpeg,a cartoon picture of a man in a suit pointing at a tv screen
111218,training/memes/111218.jpeg,a cartoon picture of a group of people in a room
111219,training/memes/111219.jpeg,arafed picture of a man and a woman sitting at a table
111220,training/memes/111220.jpeg,a picture taken from a newspaper with a picture of a woman reading a newspaper
111221,training/memes/111221.jpeg,a cartoon picture of a frog with a caption saying that he is not happy
111222,training/memes/111222.jpeg,a close up of two pictures of a woman in a suit and tie
111223,training/memes/111223.jpeg,a picture of a picture of a person with a brain and a candy bar
111224,training/memes/111224.jpeg,a cartoon picture of a woman talking on a phone while sitting at a bar
111225,training/memes/111225.jpeg,a cartoon picture of a man sitting on a bench with a sign
111226,training/memes/111226.jpeg,a picture that is a picture of a man doing different poses
111227,training/memes/111227.jpeg,a woman laughing while speaking into a microphone with a caption in the background
111228,training/memes/111228.jpeg,there are two women that are eating a meal together
111229,training/memes/111229.jpeg,a cartoon of a man with a sword and a comic strip
111230,training/memes/111230.jpeg,a poster with a bunch of different types of planes flying in the sky
111231,training/memes/111231.jpeg,a woman wearing a tiable and a tiable with a crown on her head
111232,training/memes/111232.jpeg,"a woman with a funny face and a caption that says,"
111233,training/memes/111233.jpeg,a picture of a boy laughing with a caption in spanish
111234,training/memes/111234.jpeg,a close up of a person wearing a hat and a bow tie
111235,training/memes/111235.jpeg,a cartoon of a woman in a bikini and a man in a bikini
111236,training/memes/111236.jpeg,a cartoon picture of a pie chart with a lego on it
111237,training/memes/111237.png,there is a man and a woman that are talking to each other
111238,training/memes/111238.jpeg,a picture of a man sitting at a desk with a computer
111239,training/memes/111239.jpeg,a close up of a person in a bodysuit with different faces
111240,training/memes/111240.jpeg,arafed image of a woman sitting at a table with a man in a suit
111241,training/memes/111241.jpeg,a close up of a man in a suit and tie smiling
111242,training/memes/111242.jpeg,a cartoon of a man sitting at a table with a flag
111243,training/memes/111243.jpeg,a close up of a person in uniform talking to another person
111244,training/memes/111244.jpeg,a man with long hair and a beard is talking on a cell phone
111245,training/memes/111245.jpeg,a cartoon picture of a woman holding a baby and a man holding a plate
111246,training/memes/111246.jpeg,a close up of a man shaving his teeth with a razor
111247,training/memes/111247.jpeg,a cartoon picture of a man in a costume and a cartoon picture of a man in a costume
111248,training/memes/111248.png,a screenshot of a facebook post with a picture of a pink sponge
111249,training/memes/111249.jpeg,a picture of a sonic character with a caption in spanish
111250,training/memes/111250.jpeg,a picture of a man holding a sign in front of a building
111251,training/memes/111251.jpeg,a close up of a person with a weird face and a green shirt
111252,training/memes/111252.jpeg,a close up of a person wearing a green shirt with a caption
111253,training/memes/111253.jpeg,a cartoon picture of a woman and a boy with glasses and a cat
111254,training/memes/111254.jpeg,a close up of a woman in a costume holding a sword
111255,training/memes/111255.jpeg,a close up of a person drinking a cup of coffee
111256,training/memes/111256.jpeg,a close up of a piece of paper with writing on it
111257,training/memes/111257.jpeg,arafed man holding a pig in a barn with a cow in the background
111258,training/memes/111258.jpeg,a close up of a person on a horse with a poster
111259,training/memes/111259.jpeg,a woman laying on a bed with a baby in her lap
111260,training/memes/111260.jpeg,a picture taken from a meme of a guy with glasses and a brain
111261,training/memes/111261.jpeg,a picture of a man with a caged head and a caged brain
111262,training/memes/111262.jpeg,anime memes that are very funny and funny
111263,training/memes/111263.jpeg,a cartoon picture of a boy with a green face and a girl with a red shirt
111264,training/memes/111264.jpeg,a close up of a person wearing a top hat and a purple jacket
111265,training/memes/111265.jpeg,a cartoon picture of a woman's face with different expressions
111266,training/memes/111266.jpeg,a close up of a cartoon of a person with different expressions
111267,training/memes/111267.jpeg,anime memes that are very funny and funny
111268,training/memes/111268.jpeg,a woman in high heels holding a bottle of water and a cell phone
111269,training/memes/111269.jpeg,there are many different pictures of a woman in a school uniform
111270,training/memes/111270.jpeg,a screenshot of a cell phone with a message on it
111271,training/memes/111271.jpeg,a close up of a doll with a caption of a person with a red hair
111272,training/memes/111272.jpeg,a cartoon picture of a woman riding a bike with a bunch of people
111273,training/memes/111273.jpeg,arafed woman in a bikini talking on a cell phone
111274,training/memes/111274.jpeg,"a cartoon picture of a woman with a hat and a caption that reads, nova tomb"
111275,training/memes/111275.jpeg,a close up of a cell phone with a number of people on it
111276,training/memes/111276.jpeg,a close up of a person with a smile on a cell phone
111277,training/memes/111277.jpeg,a group of people posing for a picture with a soccer team
111278,training/memes/111278.jpeg,arafed man in orange jacket talking on cell phone with caption of the same picture
111279,training/memes/111279.jpeg,a cartoon of a woman sitting on a bench next to a man
111280,training/memes/111280.jpeg,a cartoon picture of a woman in a wheelchair and a man in a wheelchair
111281,training/memes/111281.jpeg,cartoon of a woman with glasses and a man with glasses on
111282,training/memes/111282.jpeg,"a green and black image of a dinosaur with a caption saying, if los hombres"
111283,training/memes/111283.jpeg,a cartoon picture of a man with a beard and a mustache
111284,training/memes/111284.jpeg,a cartoon picture of a woman holding a sign with a man holding a woman
111285,training/memes/111285.jpeg,a cartoon picture of a squirrel smoking a cigarette with a caption in spanish
111286,training/memes/111286.jpeg,a close up of a person pointing a gun at a person
111287,training/memes/111287.png,a close up of a person drinking a cup of tea
111288,training/memes/111288.jpeg,a close up of a person with a rainbow on their forehead
111289,training/memes/111289.jpeg,a cartoon comic strip with a comic strip of a man and a woman
111290,training/memes/111290.jpeg,a cartoon picture of a sign with a cartoon character on it
111291,training/memes/111291.jpeg,homer simpson - el mejores no personas del los viadors y susados
111292,training/memes/111292.jpeg,"a woman with a funny face and a caption that says, if someone is not a person"
111293,training/memes/111293.jpeg,there are three people holding signs that say naruto
111294,training/memes/111294.jpeg,there is a man and woman standing next to each other in a room
111295,training/memes/111295.jpeg,a poster of a man kissing a woman with a caption of the movie
111296,training/memes/111296.jpeg,a picture taken from a twitter account of a person with a face mask
111297,training/memes/111297.jpeg,there are a lot of people that are posing for a picture
111298,training/memes/111298.jpeg,"a screenshot of a twee with a message that reads,'i'm not sure"
111299,training/memes/111299.jpeg,a picture of a cartoon character with a caption of a group of people
111300,training/memes/111300.jpeg,a close up of a person in a wedding dress and a man in a tuxedo
111301,training/memes/111301.jpeg,a close up of a person typing on a typewriter
111302,training/memes/111302.jpeg,there is a woman laying in bed with a remote control
111303,training/memes/111303.jpeg,there are two pictures of a woman laying on a pillow
111304,training/memes/111304.jpeg,there are many different pictures of a cat that are in different languages
111305,training/memes/111305.jpeg,bride and groom kneeling down to kiss each other in front of a crowd
111306,training/memes/111306.jpeg,arafed image of a man and woman sitting at a table
111307,training/memes/111307.jpeg,a close up of a banana with a caption in spanish
111308,training/memes/111308.png,a woman sitting at a desk with a pen in her hand and a notepad in her hand
111309,training/memes/111309.jpeg,a close up of a person sitting on a bed with a person sitting on the bed
111310,training/memes/111310.jpeg,anime meme of a guy with a funny expression on his face
111311,training/memes/111311.jpeg,a close up of a table with a stuffed animal on it
111312,training/memes/111312.jpeg,a couple of texts that are on a cell phone
111313,training/memes/111313.jpeg,a picture taken from a video game showing a picture of a woman with different expressions
111314,training/memes/111314.jpeg,a cartoon picture of a man sitting on a couch with a cat
111315,training/memes/111315.jpeg,there are two cats that are sitting together on a couch
111316,training/memes/111316.jpeg,there is a man in a military uniform talking on a cell phone
111317,training/memes/111317.jpeg,arafed t - rexs with a speech bubble saying eso trato tocane
111318,training/memes/111318.jpeg,a close up of a person on a cell phone with a text message
111319,training/memes/111319.jpeg,there is a man in a tuxedo holding a cake
111320,training/memes/111320.jpeg,a cartoon picture of a dragon with wings flying over it
111321,training/memes/111321.jpeg,woman in a yellow dress holding a sign with a goat head on it
111322,training/memes/111322.jpeg,a black and white photo of a man with a beard and a beardcutter
111323,training/memes/111323.jpeg,a screenshot of a man in a tuxedo on a skateboard
111324,training/memes/111324.jpeg,arafed monkey in a bed with a baby and a man holding a gun
111325,training/memes/111325.jpeg,there is a picture of a man and a woman sitting on the ground
111326,training/memes/111326.jpeg,a cartoon of a man in a red shirt and black shorts
111327,training/memes/111327.jpeg,a cartoon of a woman sitting in bed with a child on her lap
111328,training/memes/111328.jpeg,a close up of a person in a snow covered field
111329,training/memes/111329.jpeg,arafed picture of a woman in a skirt and a shirt
111330,training/memes/111330.jpeg,arafed man playing a guitar in a living room with a couch
111331,training/memes/111331.jpeg,a woman in a skirt is talking on her cell phone
111332,training/memes/111332.jpeg,there is a koala that is eating a leaf in its mouth
111333,training/memes/111333.jpeg,a woman in lingersuit leaning on a sink with her hand on her face
111334,training/memes/111334.jpeg,arafed woman in shorts and a floral top holding a white bag
111335,training/memes/111335.jpeg,a picture of a girl in a white shirt and gray skirt
111336,training/memes/111336.jpeg,a close up of a person in a pink shirt with a red background
111337,training/memes/111337.jpeg,several people standing in front of a red garage door talking to each other
111338,training/memes/111338.jpeg,a close up of a person holding a steering wheel with a hand
111339,training/memes/111339.jpeg,two girls dressed in snow white and yellow dresses walking down the street
111340,training/memes/111340.jpeg,a close up of a person in a kilt looking at a door
111341,training/memes/111341.jpeg,"a cartoon picture of a flower with a caption that reads,'mujer en minilla"
111342,training/memes/111342.jpeg,arafed poster with a man in a yellow shirt and a pile of grain
111343,training/memes/111343.jpeg,a close up of a man in a suit and tie with a caption
111344,training/memes/111344.jpeg,a cartoon of a man sitting at a table with a laptop and a drawing of a man on
111345,training/memes/111345.jpeg,a picture taken from a video of a woman in a living room with a tv and a cartoon
111346,training/memes/111346.jpeg,a close up of a person standing on a street with a woman
111347,training/memes/111347.jpeg,a person holding a jar of milk with a caption on it
111348,training/memes/111348.png,a collage of photos of the characters of game of thrones
111349,training/memes/111349.jpeg,arafed woman in a black leather jacket with a speech bubble
111350,training/memes/111350.png,a picture of a woman with a hat and a picture of a man with a hat
111351,training/memes/111351.jpeg,a poster with a picture of a man holding a gun and a woman holding a gun
111352,training/memes/111352.jpeg,there is a man sitting at a desk writing in a book
111353,training/memes/111353.jpeg,a poster of a man with a tattoo on his arm
111354,training/memes/111354.jpeg,a close up of a person holding a sign with a red background
111355,training/memes/111355.jpeg,a close up of a woman with long hair and a sign that says de las moigatas
111356,training/memes/111356.jpeg,a close up of a woman with long hair wearing a white dress
111357,training/memes/111357.jpeg,a woman is laughing and holding a microphone in her hand
111358,training/memes/111358.jpeg,a close up of a person with a tie and a shirt
111359,training/memes/111359.jpeg,a man in a plaid shirt and glasses speaking into a microphone
111360,training/memes/111360.jpeg,arafed dog with a collar looking at the camera
111361,training/memes/111361.jpeg,there is a man with glasses and a white shirt with a red text
111362,training/memes/111362.jpeg,a close up of a person holding a hand near their face
111363,training/memes/111363.jpeg,arafed man with a smile on his face and a video message
111364,training/memes/111364.png,arafed man in a white robe sitting on a stone bench
111365,training/memes/111365.jpeg,a black and white photo of a man in a suit and tie
111366,training/memes/111366.jpeg,"a black and white photo of a sign that says, alien a sus hijas"
111367,training/memes/111367.jpeg,a close up of a person with a penguin on a stage
111368,training/memes/111368.jpeg,there is a cat that is sitting on a table with a drink
111369,training/memes/111369.jpeg,a close up of a drink with a cat on the side of it
111370,training/memes/111370.jpeg,spanish poster of a group of people with a caption of a joke
111371,training/memes/111371.jpeg,arafed cat wrapped in a towel sitting on a bathtub
111372,training/memes/111372.jpeg,a close up of a person in a suit and tie holding a paper
111373,training/memes/111373.jpeg,a close up of a person wearing a hat and a bow tie
111374,training/memes/111374.jpeg,arafed car on its side in a parking lot with a woman standing next to it
111375,training/memes/111375.jpeg,there are two pictures of a woman driving a car and a man driving a car
111376,training/memes/111376.jpeg,a close up of a car with a person in a hat and a toy in the passenger seat
111377,training/memes/111377.jpeg,arafed car in a restaurant with a broken windshield
111378,training/memes/111378.jpeg,arafed woman talking on a cell phone while driving a car
111379,training/memes/111379.jpeg,a close up of a car with a person in a car
111380,training/memes/111380.jpeg,woman talking on cell phone in car with caption in spanish
111381,training/memes/111381.jpeg,a close up of two people with a car in the background
111382,training/memes/111382.jpeg,cartoon of a woman talking to a man in a car
111383,training/memes/111383.jpeg,a picture of a picture of a fire that is burning
111384,training/memes/111384.jpeg,a cartoon of a bus with two people in it and a man in a hat
111385,training/memes/111385.jpeg,arafed woman in a car with a sad face
111386,training/memes/111386.jpeg,a twee message from a soccer player about the match between two teams
111387,training/memes/111387.jpeg,woman sitting in a car with a steering wheel and a caption in spanish
111388,training/memes/111388.jpeg,arafed picture of a woman driving a car with a cat in her lap
111389,training/memes/111389.jpeg,a close up of a person in a suit and tie sitting at a desk
111390,training/memes/111390.jpeg,a close up of a person driving a car with a picture of a man in a car
111391,training/memes/111391.jpeg,arafed woman in a car with a phone in her hand
111392,training/memes/111392.jpeg,a cartoon picture of a car with a caption of a woman driving in the back
111393,training/memes/111393.jpeg,arafed collage of a collage of people with flowers in their hair
111394,training/memes/111394.jpeg,a close up of a group of women in traditional dress posing for a picture
111395,training/memes/111395.jpeg,a tweet message from a woman who is saying to her friend
111396,training/memes/111396.jpeg,a close up of a person holding a flower in front of a poster
111397,training/memes/111397.jpeg,a close up of a person standing in front of a tv
111398,training/memes/111398.jpeg,a woman in a bikini top is posing for a photo
111399,training/memes/111399.jpeg,a close up of a person with a nose piercing and a picture of a man with a nose
111400,training/memes/111400.jpeg,a screenshot of a head with a blue background and a caption of a man's
111401,training/memes/111401.jpeg,a cartoon picture of a man with a green face and a woman with a green face
111402,training/memes/111402.jpeg,a close up of a woman with a cigarette in her mouth
111403,training/memes/111403.jpeg,a close up of a person standing in front of a fence
111404,training/memes/111404.jpeg,a woman in a black dress and a woman in a purple dress
111405,training/memes/111405.jpeg,a close up of a person standing in front of a flag
111406,training/memes/111406.jpeg,there are two women that are kissing each other in the same picture
111407,training/memes/111407.jpeg,there are two men standing next to each other in front of a building
111408,training/memes/111408.jpeg,a close up of a plate of sushi with a caption in spanish
111409,training/memes/111409.jpeg,a picture of a man in a suit and tie is holding his hands up
111410,training/memes/111410.jpeg,a woman with long hair smiling and looking at the camera
111411,training/memes/111411.jpeg,there are two pictures of a woman making a funny face
111412,training/memes/111412.jpeg,a man in a purple shirt and a pink hat with a green face
111413,training/memes/111413.jpeg,arafed photo of a woman with a picture of herself on her face
111414,training/memes/111414.jpeg,a couple of pictures of a woman in a bikini and a man in a police uniform
111415,training/memes/111415.jpeg,"arafed dog on a beach with a caption saying, no se que me convie"
111416,training/memes/111416.jpeg,there are four different types of people with beards and mustaches
111417,training/memes/111417.jpeg,a close up of a person with a face mask on
111418,training/memes/111418.jpeg,"a cartoon picture of a group of people with the words,'dia de la mujer expect"
111419,training/memes/111419.jpeg,arafed woman in a black bathing suit walking next to a man in a yellow vest
111420,training/memes/111420.jpeg,a close up of a person sitting in a chair with a tv in the background
111421,training/memes/111421.jpeg,arafed man and woman sitting on a rock with a camera
111422,training/memes/111422.png,there are two pictures of a man and a woman with lips on
111423,training/memes/111423.jpeg,a cartoon of a woman in a store with a skeleton in the background
111424,training/memes/111424.jpeg,a cartoon of a man and woman with different facial expressions
111425,training/memes/111425.jpeg,arafed little girl sitting on the floor with a cell phone
111426,training/memes/111426.png,a close up of a cartoon picture of a woman with different facial expressions
111427,training/memes/111427.jpeg,a poster with a picture of a man and a dog
111428,training/memes/111428.png,there are two pictures of a dog with a pink dress and a pink phone
111429,training/memes/111429.jpeg,a cartoon picture of a woman and a man with a child
111430,training/memes/111430.png,there are two pictures of a dog and a woman in dresses
111431,training/memes/111431.png,a close up of a woman with a fake smile on her face
111432,training/memes/111432.png,a cartoon of a man in a helmet and a helmet with a gun
111433,training/memes/111433.jpeg,a cartoon picture of a man giving a woman a hand shake
111434,training/memes/111434.jpeg,arafed man sitting at a table with a smile on it
111435,training/memes/111435.jpeg,there is a picture of a pot of food on the stove
111436,training/memes/111436.jpeg,there is a picture of a group of people sitting around a table
111437,training/memes/111437.jpeg,cartoon of a man carrying a huge roll of fabric with a caption in spanish
111438,training/memes/111438.jpeg,a man in a suit sitting down with a cigar in his hand
111439,training/memes/111439.jpeg,a cartoon of a woman looking out a window at a man in a suit
111440,training/memes/111440.jpeg,there is a man that is standing in a bathroom with a tattoo on his arm
111441,training/memes/111441.jpeg,"a cartoon of a woman sitting on a stair rail with a caption saying,'que ha"
111442,training/memes/111442.jpeg,a cartoon image of a man in a top hat and top hat with a speech bubble
111443,training/memes/111443.jpeg,there is a picture of a bunch of bananas with spanish words
111444,training/memes/111444.jpeg,there is a woman with a baseball bat in her hand
111445,training/memes/111445.jpeg,a close up of a person with a bunch of different pictures
111446,training/memes/111446.jpeg,a close up of a person walking on a street with a black and white photo
111447,training/memes/111447.jpeg,a black and white image of a man with a mustache and a mustache
111448,training/memes/111448.jpeg,there is a woman in a black dress and a man in a white robe
111449,training/memes/111449.jpeg,a woman holding a rope to a man's hand with a caption saying amo bus
111450,training/memes/111450.jpeg,there is a man that is eating a chocolate bar in his mouth
111451,training/memes/111451.jpeg,a cartoon of a woman pointing at a man with a gun
111452,training/memes/111452.jpeg,a cartoon of a woman and a man talking to each other
111453,training/memes/111453.jpeg,arafed woman walking down a street with a black and white photo
111454,training/memes/111454.jpeg,a woman sticking her tongue out with a caption in spanish
111455,training/memes/111455.jpeg,a picture of a picture of a cartoon character and a picture of a girl
111456,training/memes/111456.jpeg,a cartoon of a man standing on top of a building
111457,training/memes/111457.jpeg,a close up of a person wearing a suit and tie
111458,training/memes/111458.jpeg,a man with a beard and a mustache is looking at the camera
111459,training/memes/111459.jpeg,a close up of a person sitting on a chair with a caption
111460,training/memes/111460.jpeg,a poster with a list of people with different facial expressions
111461,training/memes/111461.jpeg,blonde woman laying on bed with mirror in hand and caption of caption
111462,training/memes/111462.jpeg,a drawing of a child sitting on a floor with a teddy bear
111463,training/memes/111463.jpeg,a group of pictures of different characters with caption in spanish
111464,training/memes/111464.jpeg,there are three pictures of a man and woman playing poker
111465,training/memes/111465.jpeg,a poster with a picture of a woman and a man in different poses
111466,training/memes/111466.jpeg,spanish text on a black background with a smiley face
111467,training/memes/111467.jpeg,a cartoon of a man with a microphone and a video camera
111468,training/memes/111468.jpeg,a black and white image of a man in a top hat and glasses
111469,training/memes/111469.png,a bunch of pictures of a man with a clown face and a clown mask
111470,training/memes/111470.png,there are two pictures of a boy in a blue shirt and a boy in a blue shirt
111471,training/memes/111471.jpeg,a close up of a person on a moon surface with a cat in the astronaut's helmet
111472,training/memes/111472.jpeg,a close up of a pair of shorts with a picture of a cartoon character
111473,training/memes/111473.jpeg,a woman with a black top has a red spot on her chest
111474,training/memes/111474.jpeg,two pictures of a lion with a white mane and a black mane
111475,training/memes/111475.jpeg,a woman in a black dress talking to a man in a suit
111476,training/memes/111476.jpeg,a close up of a text message with a picture of a man with a beard
111477,training/memes/111477.jpeg,there are two pictures of a man and woman talking to each other
111478,training/memes/111478.jpeg,a cartoon of a man holding a cell phone next to another man
111479,training/memes/111479.jpeg,a picture of a man in a blue shirt and a woman in a blue shirt and a man
111480,training/memes/111480.jpeg,a cartoon picture of a man holding a microphone and laughing
111481,training/memes/111481.jpeg,a cartoon of a man and woman with a speech bubble above them
111482,training/memes/111482.jpeg,a poster with a bunch of different pictures of people in different poses
111483,training/memes/111483.jpeg,a close up of a poster with two men in suits
111484,training/memes/111484.jpeg,a woman pointing at a man in a gym room with a picture of her
111485,training/memes/111485.jpeg,there are many different pictures of a man in a suit and tie
111486,training/memes/111486.jpeg,a close up of four different pictures of a man with a smile
111487,training/memes/111487.jpeg,there are two pictures of a man with a face mask
111488,training/memes/111488.jpeg,a cartoon of a man and woman with a thought bubble above them
111489,training/memes/111489.jpeg,a close up of a person in a suit and tie making a gesture
111490,training/memes/111490.jpeg,a close up of a person on a twitter account with a picture of a woman
111491,training/memes/111491.jpeg,arafed image of a man in a suit and tie standing in a field
111492,training/memes/111492.jpeg,a close up of a person with a beard and a sign
111493,training/memes/111493.jpeg,a picture taken from a twitter account of a joker in a group of people
111494,training/memes/111494.jpeg,a cartoon drawing of a man with a beard and a woman with a beard
111495,training/memes/111495.jpeg,a picture taken from a video of a man in a white suit
111496,training/memes/111496.jpeg,a cartoon picture of a bunch of people with different facial expressions
111497,training/memes/111497.jpeg,a close up of a child with a picture of a person on it
111498,training/memes/111498.jpeg,a woman holding her head in her hands with a caption in spanish
111499,training/memes/111499.jpeg,arafed man with a beard talking on a cell phone
111500,training/memes/111500.png,arafed image of a man with a beard and a mustache
111501,training/memes/111501.jpeg,someone has drawn ladybugs on their foreheads on their forehead
111502,training/memes/111502.jpeg,a close up of a bunch of flowers in a bouquet
111503,training/memes/111503.jpeg,arafed picture of a man and a woman sitting next to each other
111504,training/memes/111504.jpeg,arafed man holding a glass of water with a lime in it
111505,training/memes/111505.jpeg,a picture of a man is laying on the ground next to a cop
111506,training/memes/111506.jpeg,a group of people sitting around each other in a room
111507,training/memes/111507.jpeg,a cartoon of a man holding a fan and a woman with a knife
111508,training/memes/111508.jpeg,a woman is texting on her phone while holding a cat
111509,training/memes/111509.jpeg,a man and woman are sharing a kiss on the cheek
111510,training/memes/111510.jpeg,arafed picture of a man falling off a rock while another man is standing on the ground
111511,training/memes/111511.jpeg,araf queen and her son kissing each other on the cheek
111512,training/memes/111512.jpeg,a close up of a person in a suit and tie pointing at the camera
111513,training/memes/111513.jpeg,a picture of a woman in a white dress and a man in a blue dress with a sword
111514,training/memes/111514.jpeg,a woman and a man are posing for a picture together
111515,training/memes/111515.jpeg,a close up of a person with a mask on their face
111516,training/memes/111516.jpeg,arafed skeleton laying in bed with cell phone in hand
111517,training/memes/111517.jpeg,a pie chart with a caption of a red circle
111518,training/memes/111518.png,people standing in line at a food stand with a man in a suit
111519,training/memes/111519.jpeg,a picture of a picture of a group of people with instruments
111520,training/memes/111520.jpeg,two men are building a house with a brick wall
111521,training/memes/111521.jpeg,a poster with a picture of a woman riding a skateboard
111522,training/memes/111522.jpeg,a cartoon of winnie the pooh is talking to a pig
111523,training/memes/111523.jpeg,a cartoon picture of a man with a stick in his mouth
111524,training/memes/111524.jpeg,a close up of a person holding a cell phone near a woman
111525,training/memes/111525.jpeg,a close up of a poster with a woman with long red hair
111526,training/memes/111526.jpeg,woman sitting on a couch holding a cell phone in her hand
111527,training/memes/111527.jpeg,there are two people sitting at a table eating food
111528,training/memes/111528.jpeg,a close up of a poster with a woman laying in bed
111529,training/memes/111529.jpeg,a cartoon of a woman sitting in a chair watching tv
111530,training/memes/111530.png,a man with a blue shirt and a blue shirt is looking at the camera
111531,training/memes/111531.jpeg,a cartoon of a boy and girl fighting each other
111532,training/memes/111532.png,a woman in a bikini top is holding her arms up
111533,training/memes/111533.jpeg,a woman with her hands on her head making a face
111534,training/memes/111534.jpeg,there is a poster with a picture of a girl with a pink lip
111535,training/memes/111535.jpeg,arafed image of a woman in a bed with a cell phone
111536,training/memes/111536.jpeg,a picture of a man in a suit and tie is punching another man
111537,training/memes/111537.jpeg,arafed blackboard with a man standing in front of it
111538,training/memes/111538.jpeg,a close up of a person holding a guitar in a room
111539,training/memes/111539.jpeg,a picture of a man with a mohawk and a mustache on his head
111540,training/memes/111540.jpeg,there is a man laying on the floor with a pink lipstick
111541,training/memes/111541.jpeg,"a cartoon picture of a woman in bed with a caption of the words, i am god"
111542,training/memes/111542.jpeg,there is a woman with a cell phone in her hand
111543,training/memes/111543.jpeg,there are two pictures of a man and a woman in bed
111544,training/memes/111544.jpeg,a picture of a picture of a man laughing with a bunch of emoticions
111545,training/memes/111545.jpeg,there is a man eating a donut at a table with other food
111546,training/memes/111546.jpeg,cartoon of a man with a speech bubble saying that he is not talking
111547,training/memes/111547.jpeg,arafed man in a suit and tie with a caption in spanish
111548,training/memes/111548.jpeg,a close up of a person in a wedding dress and a man in a uniform
111549,training/memes/111549.jpeg,a close up of a sign with a picture of a dollar bill
111550,training/memes/111550.jpeg,a cartoon of a man and woman with different facial expressions
111551,training/memes/111551.jpeg,a woman sitting at a table with a book and a banana
111552,training/memes/111552.jpeg,arafed dog wearing sunglasses and a pink blanket with a pink blanket
111553,training/memes/111553.jpeg,a cartoon of two women with speech bubbles saying feminists don't panic
111554,training/memes/111554.jpeg,there is a picture of a horse with a speech bubble in the sky
111555,training/memes/111555.jpeg,a close up of a newspaper page with a person sitting on the sidewalk
111556,training/memes/111556.png,there are two dogs that are standing next to each other
111557,training/memes/111557.jpeg,a group of people posing for a picture in front of a soccer field
111558,training/memes/111558.jpeg,a cartoon picture of a man in a red cape holding a sword
111559,training/memes/111559.jpeg,a cartoon picture of a woman with pink hair and a man with a pink hair
111560,training/memes/111560.jpeg,a close up of a cartoon character sitting in a chair
111561,training/memes/111561.jpeg,there is a woman standing in front of a table with a cake
111562,training/memes/111562.jpeg,a cartoon picture of a man with a plate of food in his hand
111563,training/memes/111563.jpeg,a couple of texts that are on a cell phone
111564,training/memes/111564.jpeg,a cartoon picture of a man standing in front of a giant wave
111565,training/memes/111565.jpeg,a man sitting at a table with a laptop and a cup of coffee
111566,training/memes/111566.jpeg,arafed man in a purple shirt with a green heart on his chest
111567,training/memes/111567.jpeg,a cartoon picture of a man with blue hair and a sword in his hand
111568,training/memes/111568.jpeg,a close up of a cartoon character with a caption in spanish
111569,training/memes/111569.jpeg,anime meme of a woman with green hair and a man in a white suit
111570,training/memes/111570.jpeg,a cartoon picture of a man in a suit pointing at a woman
111571,training/memes/111571.jpeg,a cartoon picture of a woman in a bikini and a man in a suit
111572,training/memes/111572.jpeg,there is a man with a red turban on speaking to a crowd
111573,training/memes/111573.jpeg,a picture of an old man with glasses and a tie on
111574,training/memes/111574.jpeg,a close up of a child with a cup in her hand
111575,training/memes/111575.jpeg,a cartoon picture of a man in a red outfit holding a sword
111576,training/memes/111576.jpeg,a cartoon picture of a woman in a black dress and a man in a red robe
111577,training/memes/111577.jpeg,a close up of a person holding a paper with a picture of a person
111578,training/memes/111578.jpeg,a picture taken from a facebook page of a woman eating a meal
111579,training/memes/111579.jpeg,a close up of a person hugging a child with a caption
111580,training/memes/111580.jpeg,a close up of two people sitting at a table with microphones
111581,training/memes/111581.jpeg,a close up of two dolls with a picture of a man and a woman
111582,training/memes/111582.jpeg,a picture taken from a tv show with a caption of a man and woman
111583,training/memes/111583.jpeg,a picture taken from a picture of a guy with a text that says no soy gay
111584,training/memes/111584.jpeg,there are two pictures of a dog sitting on a couch
111585,training/memes/111585.jpeg,a woman sitting on a hill with a quote in spanish
111586,training/memes/111586.jpeg,a close up of a man with a pair of scissors on his head
111587,training/memes/111587.jpeg,arafed man with a clown nose and a hat on
111588,training/memes/111588.jpeg,a twee message from a man who is holding a cell phone
111589,training/memes/111589.jpeg,someone is drawing a picture of a hand with a heart on it
111590,training/memes/111590.jpeg,arafed man eating a bowl of soup with a spoon and a glass of milk
111591,training/memes/111591.jpeg,there is a man and woman that are playing with each other
111592,training/memes/111592.jpeg,a picture of a picture of a man with a green hair and a green leaf on his head
111593,training/memes/111593.jpeg,a close up of a text message with a picture of a european flag
111594,training/memes/111594.jpeg,a cartoon of a woman sitting on a bed with a man sitting on the floor
111595,training/memes/111595.jpeg,a cartoon picture of a bunch of different faces with different expressions
111596,training/memes/111596.jpeg,a man in a white robe is making a funny face
111597,training/memes/111597.jpeg,"a cartoon picture of a lobster with a caption that reads, muer, coppa,"
111598,training/memes/111598.jpeg,a woman with a red lipstick and a man with a beard and a woman with a beard and
111599,training/memes/111599.jpeg,a group of skeletons sitting around a table with beer glasses
111600,training/memes/111600.jpeg,"a cartoon picture of a group of people with a caption saying,'i can't"
111601,training/memes/111601.jpeg,arafed dog on a beach with a woman laying on the sand
111602,training/memes/111602.jpeg,arafed dog with long hair blowing in the wind
111603,training/memes/111603.jpeg,a close up of a person holding a dog on a cell phone
111604,training/memes/111604.jpeg,arafed dog wearing a plastic vest with a plastic collar
111605,training/memes/111605.jpeg,arafed dog with fake eyelashes and fake eyelashes on it's face
111606,training/memes/111606.jpeg,a close up of a person in a wetsuit and a dog
111607,training/memes/111607.jpeg,there is a dog that is laying down on the ground
111608,training/memes/111608.jpeg,arafed poodle with a tweet on its face in a field
111609,training/memes/111609.jpeg,there are two dogs that are hugging each other on the porch
111610,training/memes/111610.jpeg,arafed dog laying on tiled floor with texting on it
111611,training/memes/111611.jpeg,arafed dog dressed as a nun with a nun hat and a cross
111612,training/memes/111612.jpeg,there are two pictures of a dog with a human body on it
111613,training/memes/111613.jpeg,there is a dog wrapped in a towel sitting on the floor
111614,training/memes/111614.jpeg,a close up of a dog with a tag on it's collar
111615,training/memes/111615.jpeg,two pictures of a dog in a white shirt and a dog in a white shirt
111616,training/memes/111616.jpeg,there is a dog that has a red spot on its face
111617,training/memes/111617.jpeg,"arafed image of a man in a suit with a sign saying,'no meme"
111618,training/memes/111618.jpeg,a close up of a dog wearing a military uniform holding a gun
111619,training/memes/111619.jpeg,there are two dogs that are walking on a leash
111620,training/memes/111620.jpeg,there is a small dog with a pink bow on its head
111621,training/memes/111621.jpeg,arafed chihuahua with long blonde hair and sunglasses sitting in the grass
111622,training/memes/111622.jpeg,a close up of a doll in a store window with a bag
111623,training/memes/111623.jpeg,there is a woman with blonde hair and a colorful shirt
111624,training/memes/111624.jpeg,a close up of a bear face with the words jala pobrecita
111625,training/memes/111625.jpeg,there are two pictures of a boy with a ball on the beach
111626,training/memes/111626.jpeg,a close up of a baby with a caption in spanish
111627,training/memes/111627.jpeg,a cartoon of a turtle and a turtle with a scuba mask
111628,training/memes/111628.jpeg,a close up of a child holding a teddy bear on his head
111629,training/memes/111629.jpeg,there is a man and a little girl that are standing in front of a chair
111630,training/memes/111630.jpeg,a woman in a striped shirt and blue pants posing for a picture
111631,training/memes/111631.jpeg,a close up of a lemur with a caption saying delias porrecits no
111632,training/memes/111632.jpeg,a cartoon picture of a woman taking a picture of a man with a cell phone
111633,training/memes/111633.png,a woman and child are sitting in front of a computer
111634,training/memes/111634.jpeg,there is a man with sunglasses on making a peace sign
111635,training/memes/111635.jpeg,a black and white image of a man with a mustache and a mustache
111636,training/memes/111636.jpeg,there is a man that is standing in front of a wall
111637,training/memes/111637.jpeg,a blackboard with a smiley face and a hand with a pink nail polish
111638,training/memes/111638.jpeg,a woman in a suit and headband is looking at the camera
111639,training/memes/111639.jpeg,a woman sitting in a car with her head resting on her arm
111640,training/memes/111640.jpeg,a close up of a person with a smile on their face
111641,training/memes/111641.jpeg,a close up of a stuffed bear with a coin in the background
111642,training/memes/111642.jpeg,a close up of a person wearing a top hat and a bow tie
111643,training/memes/111643.jpeg,a close up of a person on a motorcycle with a gun
111644,training/memes/111644.jpeg,"a woman in a car with a caption that reads, cuando story con mi amia"
111645,training/memes/111645.jpeg,a close up of a seal seal with a caption saying mi polla
111646,training/memes/111646.jpeg,there is a man standing on the sidewalk with a chicken
111647,training/memes/111647.jpeg,arafed woman with a mask on her face and a spoon in her mouth
111648,training/memes/111648.jpeg,there is a woman sitting at a kitchen counter with a man
111649,training/memes/111649.jpeg,a close up of a person with a mask on their face
111650,training/memes/111650.jpeg,there is a man holding a rooster on his shoulder and taking a picture
111651,training/memes/111651.jpeg,a close up of a person on a stage with a microphone
111652,training/memes/111652.jpeg,arafed chicken in a cage with a caption saying mi pola deplada
111653,training/memes/111653.jpeg,arafed girl blowing bubbles with a caption of a caption of a picture
111654,training/memes/111654.jpeg,arafed chicken with a red comb on its head and a caption that reads una f
111655,training/memes/111655.jpeg,someone is wearing a pair of shoes with a pink ankle band
111656,training/memes/111656.jpeg,someone is making a muffin that looks like a muffin
111657,training/memes/111657.jpeg,arafed chicken in a pink stroller with a pink seat
111658,training/memes/111658.png,"a picture of a dragon with a caption that reads,'me chupas la pola"
111659,training/memes/111659.jpeg,arafed chicken with a man holding a chicken in its arms
111660,training/memes/111660.jpeg,a cartoon of a man and woman with different facial expressions
111661,training/memes/111661.jpeg,a close up of a person with a tie and a suit on
111662,training/memes/111662.jpeg,a picture of a picture of a woman and a man with a child
111663,training/memes/111663.jpeg,there is a picture of a painting of a couple in a garden
111664,training/memes/111664.jpeg,a close up of a person holding a hand near a person
111665,training/memes/111665.jpeg,a cartoon picture of a group of people with different facial expressions
111666,training/memes/111666.jpeg,a couple of people sitting on top of a bed next to each other
111667,training/memes/111667.jpeg,a picture of a woman and a man in a black suit and tie
111668,training/memes/111668.jpeg,a close up of a person holding a microphone on a stage
111669,training/memes/111669.jpeg,a cartoon picture of a woman in a blue dress and a man in a white shirt and a
111670,training/memes/111670.png,a couple of people that are standing in the rain
111671,training/memes/111671.jpeg,a close up of a poster with a picture of a person and a person
111672,training/memes/111672.jpeg,a close up of a person with a face on a poster
111673,training/memes/111673.jpeg,a woman with dreadlocks and a hat sitting in front of a crowd
111674,training/memes/111674.jpeg,a close up of a doll with green hair and a microphone
111675,training/memes/111675.jpeg,a couple of pictures of a man and woman drinking wine
111676,training/memes/111676.jpeg,a black and white photo of a woman wearing sunglasses and a tia
111677,training/memes/111677.jpeg,a screenshot of a man in a suit and tie with a gun
111678,training/memes/111678.png,arafed man in a yellow shirt holding a sign and a green scarf
111679,training/memes/111679.jpeg,two screens of a woman in a green dress and a woman in a blue dress
111680,training/memes/111680.jpeg,a pink bucket with a broom and a pink bucket with a pink handle
111681,training/memes/111681.jpeg,a close up of a person holding a frisbee in the air
111682,training/memes/111682.jpeg,a poster with a cartoon of a woman holding a glass
111683,training/memes/111683.jpeg,a close up of a toy story book with a buzzy
111684,training/memes/111684.jpeg,a picture of a picture of a cartoon character with a caption
111685,training/memes/111685.jpeg,a cartoon of a man in a striped shirt is eating a bowl of chips
111686,training/memes/111686.jpeg,a close up of a person pointing a finger at a person
111687,training/memes/111687.jpeg,a close up of a person holding a sign in front of a crowd
111688,training/memes/111688.jpeg,a close up of a smiley face holding a cell phone
111689,training/memes/111689.jpeg,cartoon of a woman holding a pan and a frying pan
111690,training/memes/111690.jpeg,a picture of a man with long hair and a beard and a woman in a bikini
111691,training/memes/111691.jpeg,two toy story characters are standing next to each other
111692,training/memes/111692.jpeg,a cartoon picture of a cat with a caption saying that it is not a cat
111693,training/memes/111693.jpeg,snow white - bye bye puta let it on
111694,training/memes/111694.jpeg,arafed woman laying in sand with a kite on the beach
111695,training/memes/111695.jpeg,a cartoon picture of a group of girls standing in the snow
111696,training/memes/111696.jpeg,a picture of a cartoon picture with a caption of a dragon ball
111697,training/memes/111697.jpeg,a close up of a person sitting on a bench at night
111698,training/memes/111698.jpeg,arafed woman in a black jacket pointing at the camera
111699,training/memes/111699.jpeg,two women walking down a snowy road in the snow
111700,training/memes/111700.jpeg,a woman in a short skirt pushing a shopping cart in a store
111701,training/memes/111701.jpeg,there is a woman that is talking to another woman
111702,training/memes/111702.jpeg,several women in shiny outfits posing for a picture with a boy
111703,training/memes/111703.jpeg,a black and white photo of a clown holding balloons
111704,training/memes/111704.jpeg,harry potter and hermione in harry potter and hermione
111705,training/memes/111705.png,a picture taken from a facebook page of a man holding a gun
111706,training/memes/111706.jpeg,a woman standing at a podium in front of a microphone
111707,training/memes/111707.jpeg,a close up of a person with a picture of a woman
111708,training/memes/111708.jpeg,arafed image of a man with a phone and a man with a mask
111709,training/memes/111709.jpeg,"cartoon, meme, and meme meme memes memes memes memes me"
111710,training/memes/111710.jpeg,a picture taken from a video game shows a man riding a bull
111711,training/memes/111711.jpeg,a cartoon picture of a man with a pink hair and glasses
111712,training/memes/111712.jpeg,a girl in a cheer uniform is smiling and looking at the camera
111713,training/memes/111713.jpeg,a cartoon picture of a woman's face with different expressions
111714,training/memes/111714.jpeg,a cartoon picture of a woman with a mustache and a man with a top hat
111715,training/memes/111715.jpeg,a cartoon of a woman talking to a man and a woman saying
111716,training/memes/111716.jpeg,a close up of a doll with a man in a suit behind it
111717,training/memes/111717.jpeg,woman in striped shirt opening oven door with food in it
111718,training/memes/111718.jpeg,"a cartoon picture of a woman and a man with a sign that says, i am not sure"
111719,training/memes/111719.jpeg,a close up of a person with a caption of a picture
111720,training/memes/111720.jpeg,there are many pictures of a man with a microphone in his hand
111721,training/memes/111721.jpeg,a close up of a woman with a pink toothbrush in her hand
111722,training/memes/111722.jpeg,futura meme - a esta ruba tonta la mato
111723,training/memes/111723.jpeg,three cartoon faces of a woman with different expressions and a man with a smile
111724,training/memes/111724.jpeg,a close up of a text message on a computer screen
111725,training/memes/111725.jpeg,a cartoon picture of a woman's face with different expressions
111726,training/memes/111726.jpeg,a close up of a woman in a black bra top with a speech bubble
111727,training/memes/111727.jpeg,arafed woman with blonde hair and a striped shirt in a car
111728,training/memes/111728.jpeg,three people are standing in front of a blackboard with a caption of a zombie
111729,training/memes/111729.jpeg,arafed woman in a red bikini sitting on a boat with a speech bubble
111730,training/memes/111730.jpeg,a close up of a person in a suit and tie on a news set
111731,training/memes/111731.jpeg,a woman is talking on her cell phone while a man looks on
111732,training/memes/111732.jpeg,a woman is sitting at a table with a picture of herself
111733,training/memes/111733.jpeg,there is a man that is standing next to a motorcycle
111734,training/memes/111734.jpeg,arafed man and woman in a gym with a man in a white shirt
111735,training/memes/111735.jpeg,several pictures of a man in a white shirt holding a sign
111736,training/memes/111736.jpeg,woman with brown hair and blue shirt talking to camera in room
111737,training/memes/111737.jpeg,there is a man and woman laying in bed with a pillow
111738,training/memes/111738.jpeg,arafed woman with a bandage on her mouth in bed
111739,training/memes/111739.png,a close up of a woman with a picture of a man on her face
111740,training/memes/111740.jpeg,there are two pictures of a man cutting a cake with a knife
111741,training/memes/111741.jpeg,a cartoon picture of a man and woman talking to each other
111742,training/memes/111742.jpeg,a cartoon of a man and woman sitting on a bench in a park
111743,training/memes/111743.jpeg,a picture of a man with a joker face and a hand up
111744,training/memes/111744.jpeg,a picture of a man with glasses and a beard is shown in a funny caption
111745,training/memes/111745.jpeg,arafed image of a man in a suit and tie with a cell phone
111746,training/memes/111746.jpeg,a cartoon picture of a man and woman standing next to each other
111747,training/memes/111747.jpeg,"cartoon of a man and woman standing on the beach with a sign saying, for men, no"
111748,training/memes/111748.jpeg,a black and white photo of a woman with glasses making a funny face
111749,training/memes/111749.jpeg,there are two women that are eating a meal together
111750,training/memes/111750.jpeg,a man in a hat and jacket with a caption on it
111751,training/memes/111751.jpeg,they are all doing something wrong about this guy
111752,training/memes/111752.jpeg,a close up of a person with a surprised look on their face
111753,training/memes/111753.jpeg,there are three people standing in a row with signs in front of them
111754,training/memes/111754.png,there are pictures of a woman playing soccer with a soccer ball
111755,training/memes/111755.jpeg,a cartoon picture of a man with a hat on holding a remote control
111756,training/memes/111756.jpeg,a woman in a green wig and green wig with a gremmeth doll
111757,training/memes/111757.jpeg,a couple of pictures of a man holding a gun in a warehouse
111758,training/memes/111758.jpeg,a cartoon of a man with a beard and a woman with a knife
111759,training/memes/111759.jpeg,a picture taken from a video game shows a man and woman in a dark room
111760,training/memes/111760.jpeg,arafed advertisement on a bus stop with a man sitting on a bench
111761,training/memes/111761.jpeg,arafed image of a man and woman holding signs in spanish
111762,training/memes/111762.jpeg,arafed man in a suit sitting at a table with a flag in the background
111763,training/memes/111763.jpeg,a woman wearing a tiable and a tiable with a crown on her head
111764,training/memes/111764.jpeg,a picture of a boy laughing with a caption in spanish
111765,training/memes/111765.jpeg,a close up of a person wearing a shirt and a tie
111766,training/memes/111766.jpeg,arafed woman in jeans and heels standing on a rail
111767,training/memes/111767.jpeg,arafed woman making a funny face with her mouth open
111768,training/memes/111768.jpeg,there is a picture of a young boy in a suit and tie
111769,training/memes/111769.jpeg,arafed dog with long hair standing in front of a table
111770,training/memes/111770.jpeg,a cartoon of a woman talking to a man about her weight
111771,training/memes/111771.jpeg,arafed woman with long black hair and a white top
111772,training/memes/111772.jpeg,a cartoon picture of a man and a woman in a field
111773,training/memes/111773.jpeg,a cartoon picture of a woman with glasses and a man with a video game controller
111774,training/memes/111774.jpeg,there is a picture of a child with a fake haircut
111775,training/memes/111775.jpeg,arafed picture of a man with blue hair and a woman with blue hair
111776,training/memes/111776.jpeg,a cartoon of a man with a rainbow in his mouth
111777,training/memes/111777.jpeg,several pictures of a man and woman posing for a picture
111778,training/memes/111778.jpeg,a picture taken from a video of a toy story with a caption of a woman and a
111779,training/memes/111779.jpeg,a man in a superman suit is sitting at a table
111780,training/memes/111780.jpeg,a close up of a cat wearing a hat and a jacket
111781,training/memes/111781.png,a picture of a man in a black robe holding a scythe
111782,training/memes/111782.jpeg,a close up of a person standing in a field with a cell phone
111783,training/memes/111783.jpeg,a close up of a cartoon character with a bunch of people
111784,training/memes/111784.jpeg,there is a man that is covering his face with his hands
111785,training/memes/111785.jpeg,arafed man in a tuxedo holding a box of sexo
111786,training/memes/111786.jpeg,batman cosplaying in a black and yellow costume with a yellow cape
111787,training/memes/111787.jpeg,"a yellow smiley face with a black background and a caption that says, modo sex act"
111788,training/memes/111788.jpeg,a cartoon of a woman laying in bed with a teddy bear on it
111789,training/memes/111789.jpeg,there is a man and woman standing on the beach drinking water
111790,training/memes/111790.jpeg,arafed image of a woman and a man in a room
111791,training/memes/111791.jpeg,a close up of a text message from a person on a cell phone
111792,training/memes/111792.jpeg,there is a man and a woman taking a picture on a cell phone
111793,training/memes/111793.jpeg,spanish language poster with a man and woman in a red dress
111794,training/memes/111794.jpeg,a close up of a person with a clown face on a black background
111795,training/memes/111795.jpeg,a cartoon picture of a man holding a cell phone with a message
111796,training/memes/111796.png,two minions are standing next to each other with their mouths open
111797,training/memes/111797.jpeg,a close up of a woman with a bald head and a woman with a shaved head
111798,training/memes/111798.jpeg,a drawing of a bunch of different faces with different expressions
111799,training/memes/111799.jpeg,a picture of a man with sunglasses and a picture of a man with a finger up
111800,training/memes/111800.jpeg,a woman in a black top sitting on a couch with a pink flower
111801,training/memes/111801.jpeg,arafed image of a street light with a sign on it
111802,training/memes/111802.png,several people are laying in bed with a blanket on their backs
111803,training/memes/111803.jpeg,there is a man in a tie and sunglasses playing with a frisbee
111804,training/memes/111804.jpeg,a poster with a bunch of different types of writing
111805,training/memes/111805.jpeg,there are two pictures of a man and a woman posing for a picture
111806,training/memes/111806.jpeg,a cartoon picture of a man with a beard and a bandana
111807,training/memes/111807.jpeg,a picture taken from a meme of a boy laughing and laughing
111808,training/memes/111808.jpeg,there are many people standing in front of a large shelf of baskets
111809,training/memes/111809.jpeg,a cartoon picture of a woman in a bed with a man on the bed
111810,training/memes/111810.jpeg,two pictures of a man with a hat and a hat on
111811,training/memes/111811.jpeg,arafed sign with a picture of a bear and a squirrel on it
111812,training/memes/111812.jpeg,arafed man making a funny face with his hands in front of his face
111813,training/memes/111813.jpeg,"a cartoon image of a guy with a face that says, seres victima del bullying rec"
111814,training/memes/111814.jpeg,a picture of a woman in a green dress is falling off her leg
111815,training/memes/111815.jpeg,a close up of a person sitting on a couch with a person on a tv
111816,training/memes/111816.jpeg,a group of women posing for a picture in front of a building
111817,training/memes/111817.jpeg,a cartoon of a woman in bed with a speech bubble above her head
111818,training/memes/111818.jpeg,"cartoon spongebob with a caption that reads, no delincuntes son vitas"
111819,training/memes/111819.jpeg,a group of people sitting on the ground in the snow
111820,training/memes/111820.jpeg,there are four people jumping in the air on the beach
111821,training/memes/111821.jpeg,a couple of pictures of a woman in a bikini and a man in a baseball uniform
111822,training/memes/111822.jpeg,a close up of a woman holding a bottle of water in front of a laptop
111823,training/memes/111823.jpeg,a cartoon picture of a woman in a red bikini top and a woman in a red bikini top
111824,training/memes/111824.jpeg,cartoon of a woman holding a pink bra in her hands
111825,training/memes/111825.jpeg,a close up of a pink bra with a picture of a woman on it
111826,training/memes/111826.jpeg,a close up of a person wearing a bra top with a bandage on
111827,training/memes/111827.jpeg,a close up of a person with a clown face on a cell phone
111828,training/memes/111828.jpeg,a close up of a person wearing a mask and a bra
111829,training/memes/111829.jpeg,a cartoon of a bunch of different types of people
111830,training/memes/111830.jpeg,arafed image of a statue of lady justice holding a scale of justice
111831,training/memes/111831.jpeg,a close up of a person wearing a mask and a blue mask
111832,training/memes/111832.jpeg,a close up of a person pointing to a white board
111833,training/memes/111833.jpeg,a cartoon picture of a bunch of people with faces and arms
111834,training/memes/111834.jpeg,a picture of a woman in a bikini top and a man in a bikini top
111835,training/memes/111835.jpeg,braches de suetades para la vida los hombres desde themos inem
111836,training/memes/111836.jpeg,arafed man in a hat and sunglasses standing in front of a crowd
111837,training/memes/111837.jpeg,arafed man in a white shirt sitting in a car
111838,training/memes/111838.jpeg,a twee picture of a woman in a long dress and a man in a long coat
111839,training/memes/111839.jpeg,a cartoon cat in a bra top crying and pointing at something
111840,training/memes/111840.jpeg,a picture of a woman in a spider - man costume is posing for a picture
111841,training/memes/111841.jpeg,arafed man with a mustache and a caption saying oye nena
111842,training/memes/111842.jpeg,a close up of a person with a black shirt and a black background
111843,training/memes/111843.jpeg,a cartoon of a woman's breasts showing different types of bras
111844,training/memes/111844.jpeg,a cartoon picture of a man and woman with pink hair and glasses
111845,training/memes/111845.jpeg,arafed man talking on a cell phone with a caption in spanish
111846,training/memes/111846.jpeg,there is a man with a tattoo on his arm leaning on a railing
111847,training/memes/111847.jpeg,a cartoon of a man with a vacuum cleaner in his hand
111848,training/memes/111848.jpeg,a cartoon picture of two people talking on their cell phones
111849,training/memes/111849.jpeg,a cartoon picture of a man and woman in a castle
111850,training/memes/111850.jpeg,a picture taken from a video game shows a woman and a horse
111851,training/memes/111851.jpeg,anime characters are talking to each other in a room
111852,training/memes/111852.jpeg,a picture taken from a tv show with a caption of a couple kissing
111853,training/memes/111853.jpeg,arafed man with a beard and a yellow shirt holding a microphone
111854,training/memes/111854.png,a close up of a person in a suit and tie with a woman in a dress
111855,training/memes/111855.jpeg,a cartoon picture of a woman talking on a cell phone
111856,training/memes/111856.jpeg,a close up of a person taking a picture of themselves in a mirror
111857,training/memes/111857.jpeg,there is a picture of a man taking a picture of a woman in the water
111858,training/memes/111858.jpeg,there is a cat wearing a hat and a caption for a picture
111859,training/memes/111859.jpeg,there is a picture of a girl that is holding a tennis racket
111860,training/memes/111860.jpeg,there is a man with a beard and a pink shirt
111861,training/memes/111861.jpeg,a close up of a poster with a person's head with red paint on it
111862,training/memes/111862.jpeg,a close up of a tweet with a person on it
111863,training/memes/111863.jpeg,a close up of a woman in a bikini top and bunny ears
111864,training/memes/111864.jpeg,arafed woman in a blue dress sitting in a car
111865,training/memes/111865.jpeg,a man with a beard and a beardless face is holding a knife
111866,training/memes/111866.jpeg,a cartoon picture of a store with people in the background
111867,training/memes/111867.png,a couple of pictures of a man and a woman in a bikini
111868,training/memes/111868.jpeg,a cartoon picture of a dog with a blue hair and glasses
111869,training/memes/111869.jpeg,there is a cat wearing a hat with a caption on it
111870,training/memes/111870.jpeg,a cartoon picture of ariel and the little mermaid with caption in spanish
111871,training/memes/111871.jpeg,"a black and white photo of two arms with the words,'sabora perino sa"
111872,training/memes/111872.jpeg,a close up of a person in a suit and tie with a caption
111873,training/memes/111873.jpeg,there is a woman in a red dress and a man in a suit
111874,training/memes/111874.jpeg,two women in grey shirts and red scarfs standing next to each other
111875,training/memes/111875.jpeg,a bunch of pictures of a man with a bunch of flowers
111876,training/memes/111876.png,a close up of a person wearing sunglasses and a pink coat
111877,training/memes/111877.jpeg,a cartoon of a woman talking to another woman about her food
111878,training/memes/111878.png,a close up of a cartoon picture of a woman with different facial expressions
111879,training/memes/111879.jpeg,three pictures of a woman with a smile and a guy with a camera
111880,training/memes/111880.jpeg,arafed baby sitting at a table with a glass of beer
111881,training/memes/111881.jpeg,several pictures of a man and woman in formal attire at a red carpet event
111882,training/memes/111882.jpeg,a close up of a text message with a picture of a man with a blue line
111883,training/memes/111883.jpeg,a picture of a face with a caption that says porque todas las mueres son
111884,training/memes/111884.png,there are two pictures of a woman with glasses and a bikini
111885,training/memes/111885.jpeg,arafed image of a man in a suit and tie with a caption in spanish
111886,training/memes/111886.jpeg,arafed image of a woman holding a cup of coffee
111887,training/memes/111887.png,a close up of a woman with a pink lipstick and a blue shirt
111888,training/memes/111888.jpeg,a couple of pictures of a woman sitting on a rock next to a man
111889,training/memes/111889.jpeg,"a woman in a black jacket and a black shirt with a caption that reads, todays"
111890,training/memes/111890.png,someone is feeding a deer with a kiss on its face
111891,training/memes/111891.jpeg,a woman in a pink dress sitting next to another woman in a pink dress
111892,training/memes/111892.png,"a poster with a woman laughing and a caption that reads, los hombres piesa"
111893,training/memes/111893.jpeg,a close up of a twitter account with a picture of a man
111894,training/memes/111894.png,a close up of a woman with a red shirt and a poster
111895,training/memes/111895.jpeg,a man in a pink shirt is smiling and holding a stuffed animal
111896,training/memes/111896.jpeg,there is a police car that is parked on the street
111897,training/memes/111897.jpeg,arafed woman sitting on a couch with her legs crossed
111898,training/memes/111898.jpeg,a picture of a kid with a fist up in a caption
111899,training/memes/111899.jpeg,arafed woman laying on bed with toys and a fake fake penis
111900,training/memes/111900.jpeg,a black and white image of a man with a mustache and a mustache
111901,training/memes/111901.jpeg,a bunch of pictures of a man and woman with different expressions
111902,training/memes/111902.jpeg,a close up of a person holding a sign with a caption
111903,training/memes/111903.jpeg,a cartoon of a man in a suit and tie talking to another man
111904,training/memes/111904.jpeg,futura says no se sies trabao social o trabao sexual
111905,training/memes/111905.jpeg,a cartoon drawing of a bunch of different faces with different expressions
111906,training/memes/111906.jpeg,there is a woman standing in front of a table with a cake
111907,training/memes/111907.jpeg,"a cartoon picture of a woman and a man with a sign that says,"
111908,training/memes/111908.jpeg,there is a man laying on a bed with a green shirt
111909,training/memes/111909.jpeg,a woman in a purple shirt is standing next to a woman in a blue shirt
111910,training/memes/111910.jpeg,a woman in a white lingersuit standing next to two men
111911,training/memes/111911.jpeg,a picture of a purple and white sign with a hand holding a broom
111912,training/memes/111912.jpeg,a group of people with face paint on their faces
111913,training/memes/111913.jpeg,a woman in a red shirt is pointing to her left hand
111914,training/memes/111914.jpeg,a cartoon picture of a woman riding a horse with a bunch of horses
111915,training/memes/111915.jpeg,there are two pictures of a man and a woman playing video games
111916,training/memes/111916.jpeg,a woman in a purple dress holding shopping bags and a red purse
111917,training/memes/111917.jpeg,a picture of a man in a hat and a man in a shirt
111918,training/memes/111918.jpeg,a close up of a crowd of people standing around a building
111919,training/memes/111919.jpeg,there are two pictures of a woman with her hands together
111920,training/memes/111920.jpeg,a twee message from a woman who is on the phone
111921,training/memes/111921.jpeg,a picture of a cartoon picture of a man and a woman
111922,training/memes/111922.jpeg,three men are posing for a picture with a caption in spanish
111923,training/memes/111923.jpeg,a cartoon picture of a man in a white shirt holding a towel
111924,training/memes/111924.jpeg,a close up of two hands holding beer glasses with a yellow background
111925,training/memes/111925.jpeg,a close up of a snake with a veil on its head
111926,training/memes/111926.jpeg,there are two snakes that are sitting in a basket
111927,training/memes/111927.jpeg,arafed dog licking a snake with caption caption caption caption caption capt
111928,training/memes/111928.jpeg,there is a dog that is biting a snake with its mouth
111929,training/memes/111929.jpeg,someone is using a video game to teach how to use a snake
111930,training/memes/111930.jpeg,a close up of a snake with a caption of a caption of a snake
111931,training/memes/111931.jpeg,a close up of a snake with a snake in its mouth
111932,training/memes/111932.jpeg,there is a snake that is laying on the ground with a caption
111933,training/memes/111933.jpeg,there is a snake that is sitting on a toilet in the bathroom
111934,training/memes/111934.jpeg,there is a snake that is holding a toothbrush in its mouth
111935,training/memes/111935.jpeg,two pictures of a banana being held by a person with a camera
111936,training/memes/111936.jpeg,a close up of a snake with a caption in spanish
111937,training/memes/111937.jpeg,a picture of a snake is sitting on a tv screen
111938,training/memes/111938.jpeg,two pictures of a hamster with its mouth open and a hamster with its mouth open
111939,training/memes/111939.jpeg,someone is holding a microphone and a snake is in the background
111940,training/memes/111940.jpeg,a screenshot of a text message from a cartoon character
111941,training/memes/111941.jpeg,a close up of a baby laying on a grass covered ground
111942,training/memes/111942.jpeg,a close up of a snake on a couch with a red scarf
111943,training/memes/111943.jpeg,a close up of a snake on a floor with a fork and a snake on the ground
111944,training/memes/111944.jpeg,there is a snake with a hat on its head
111945,training/memes/111945.jpeg,a close up of a snake with its mouth open and its tongue out
111946,training/memes/111946.jpeg,someone is holding a twee with a picture of a woman on it
111947,training/memes/111947.jpeg,there is a woman holding a hair dryer in her hand
111948,training/memes/111948.png,"arafed men in prison with a caption that reads,"
111949,training/memes/111949.jpeg,a woman with long hair and a red shirt is smiling
111950,training/memes/111950.jpeg,a close up of a baby with a caption in spanish
111951,training/memes/111951.jpeg,a cartoon of a man with a purple hair and a purple hat
111952,training/memes/111952.jpeg,a man sitting on a rock next to a river with a lantern
111953,training/memes/111953.jpeg,a cartoon picture of a woman with a beard and a man with a goat
111954,training/memes/111954.jpeg,"a man with a hat on his head and a caption that reads,'que cosas"
111955,training/memes/111955.jpeg,a cartoon picture of a man in a hat with a rainbow flag
111956,training/memes/111956.jpeg,a close up of a wolf with its mouth open and a caption of a message
111957,training/memes/111957.jpeg,a close up of a person on a twitter account with a police officer
111958,training/memes/111958.jpeg,a cartoon image of a man in a white shirt with his hands up
111959,training/memes/111959.jpeg,a poster with a bunch of different types of people
111960,training/memes/111960.jpeg,a close up of a person with a beard and a man with a beard
111961,training/memes/111961.jpeg,a cartoon picture of a woman with different expressions and expressions
111962,training/memes/111962.jpeg,a picture of a boy laughing with a caption in spanish
111963,training/memes/111963.jpeg,there is a dog that is laying down on a bed
111964,training/memes/111964.jpeg,a close up of a person sitting on a couch with a caption
111965,training/memes/111965.jpeg,a picture of a picture of a person sitting in a chair with a cat on his head
111966,training/memes/111966.jpeg,a cartoon fish with a hat on its head and a book in his hand
111967,training/memes/111967.jpeg,there are many people that are standing together in a crowd
111968,training/memes/111968.jpeg,a cartoon picture of a man in a room with a chain link fence
111969,training/memes/111969.jpeg,a cartoon simpsons character reading a book in a room
111970,training/memes/111970.jpeg,a close up of a person with a bald head and a necklace
111971,training/memes/111971.jpeg,a picture of a man with a beard and a hat on
111972,training/memes/111972.jpeg,a cartoon picture of a man and woman in a store with chickens
111973,training/memes/111973.jpeg,a close up of a cell phone with a text message on it
111974,training/memes/111974.jpeg,a man screaming with his mouth open and the words sky digo que es violacion
111975,training/memes/111975.jpeg,a cartoon picture of a man with a sword on his head
111976,training/memes/111976.jpeg,a close up of a person wearing a hoodie with a picture of a person in the background
111977,training/memes/111977.jpeg,a close up of a raccoon standing on top of a pile of leaves
111978,training/memes/111978.jpeg,a cartoon picture of a bunch of different pictures of people
111979,training/memes/111979.jpeg,three young children in underwear are dancing in the dirt
111980,training/memes/111980.jpeg,a close up of a person wearing sunglasses and a green shirt
111981,training/memes/111981.jpeg,a close up of a person in a suit and tie with a surprised look on his face
111982,training/memes/111982.jpeg,a couple of people sitting next to each other on a tv
111983,training/memes/111983.jpeg,a close up of a person wearing a hat and a bow tie
111984,training/memes/111984.jpeg,cartoon of spongebob saying that he is not a person
111985,training/memes/111985.jpeg,a close up of a person with a smile on their face
111986,training/memes/111986.jpeg,cartoon of a sloth - faced sloth is talking to a woman
111987,training/memes/111987.png,a cartoon picture of a group of people with a green shirt and a green shirt
111988,training/memes/111988.jpeg,a cartoon picture of a woman in a dress standing in a restaurant
111989,training/memes/111989.jpeg,a close up of a person with a mask on a wall
111990,training/memes/111990.jpeg,there is a dog and a cat that are laying on the floor
111991,training/memes/111991.jpeg,a close up of a person with a face that has a caption on it
111992,training/memes/111992.jpeg,"a cartoon of a guy with a shirt that says, i'm not a fan of the"
111993,training/memes/111993.jpeg,"a cartoon image of a guy with a caption saying, te puedovolar un po"
111994,training/memes/111994.jpeg,there are many children that are hugging each other in a group
111995,training/memes/111995.jpeg,futura futura is a man with glasses and a red hair
111996,training/memes/111996.png,arafed woman holding a sign with a message in spanish
111997,training/memes/111997.jpeg,a close up of a person on a twitter account with a caption
111998,training/memes/111998.jpeg,arafed image of a man and woman talking on a cell phone
111999,training/memes/111999.jpeg,a woman covering her face with her hands while covering her face
112000,training/memes/112000.jpeg,a close up of a poster with a woman holding a baseball bat
112001,training/memes/112001.jpeg,a woman in a red leather jacket is posing for a picture
112002,training/memes/112002.jpeg,a woman in a red shirt and black pants walking down a flight of stairs
112003,training/memes/112003.jpeg,a cartoon picture of a man laughing with a caption saying habla de violence simbolica
112004,training/memes/112004.jpeg,a cartoon picture of a man in a helmet and a green suit
112005,training/memes/112005.jpeg,a close up of a person on a stage with a microphone
112006,training/memes/112006.jpeg,a picture of a picture of a dragon ball character with a caption of a picture of a
112007,training/memes/112007.jpeg,"a cartoon picture of a yellow bird with a caption saying,'so trans - economic persona"
112008,training/memes/112008.jpeg,a screenshot of a woman holding an apple with a caption in spanish
112009,training/memes/112009.jpeg,cartoon of a woman talking to a construction worker in a construction site
112010,training/memes/112010.jpeg,a cartoon of a woman and a man sitting on a couch
112011,training/memes/112011.jpeg,"dragon ball z, gohan, and gohan are two different characters"
112012,training/memes/112012.jpeg,"y anualizando que puedo usar la violence, simbioca para se violent"
112013,training/memes/112013.jpeg,a close up of a person with a fake eyebrow and a picture of a woman with a fake
112014,training/memes/112014.jpeg,a close up of a person with a smile on a cell phone
112015,training/memes/112015.jpeg,a close up of a small dog sitting in a box with a hat on
112016,training/memes/112016.jpeg,a group of foxes sitting on top of a snow covered ground
112017,training/memes/112017.jpeg,a close up of a penguin with sunglasses holding a flower
112018,training/memes/112018.png,a cartoon of a man in a costume holding a sign
112019,training/memes/112019.jpeg,a close up of a cartoon animal with a thumbs up
112020,training/memes/112020.png,a cartoon picture of a woman with a red hair and a black top
112021,training/memes/112021.jpeg,a picture of an iceberg floating in the ocean with a caption that reads lo zora
112022,training/memes/112022.jpeg,a picture of a picture of a woman and a man in toy story books
112023,training/memes/112023.jpeg,there is a cartoon picture of a cat with a butterfly on its head
112024,training/memes/112024.jpeg,a close up of a cartoon fox holding flowers in its hand
112025,training/memes/112025.jpeg,a woman is smiling and holding a cell phone in her hand
112026,training/memes/112026.jpeg,arafed woman talking on a cell phone with a caption saying buu zora
112027,training/memes/112027.jpeg,a cartoon drawing of a woman's face with different expressions
112028,training/memes/112028.jpeg,a cartoon of a woman talking to a man about something
112029,training/memes/112029.jpeg,there is a picture of a man in a suit and tie
112030,training/memes/112030.jpeg,"cartoon of a fox and a dog in the water with a caption that reads,'er"
112031,training/memes/112031.jpeg,a close up of a person with a clown face on a cell phone
112032,training/memes/112032.jpeg,there is a man with a knife in his head cutting a mans head
112033,training/memes/112033.jpeg,a close up of a sign with a no smoking sign in spanish
112034,training/memes/112034.jpeg,a close up of a child with a fire in the background
210001,training/memes/210001.jpeg,there is a man and woman sitting on a couch with a remote
210002,training/memes/210002.jpeg,a close up of a man sitting next to a woman on a tv
210003,training/memes/210003.jpeg,a man with a bald head and a black cape is looking at the camera
210004,training/memes/210004.jpeg,a couple of people that are standing in the grass with guns
210005,training/memes/210005.jpeg,a couple of people that are standing next to each other
210006,training/memes/210006.jpeg,a close up of a cartoon character with a caption of a face
210007,training/memes/210007.jpeg,a poster with a bunch of different pictures of people with different signs
210008,training/memes/210008.jpeg,a picture of a woman is playing a video game and a man is playing a video game
210009,training/memes/210009.jpeg,a cartoon picture of a woman pointing at a man with a thought bubble above her head
210010,training/memes/210010.jpeg,a couple of men in suits and ties standing next to each other
210011,training/memes/210011.jpeg,a cartoon picture of a man with a caption saying enough about women's rights
210012,training/memes/210012.jpeg,there is a man in a suit and tie with a quote on it
210013,training/memes/210013.jpeg,a picture of a woman in a headscarf and a man in a suit
210014,training/memes/210014.jpeg,arafed image of a man in a top hat and bow tie
210015,training/memes/210015.jpeg,a picture of a cartoon monkey with a caption of a woman's right book in the
210016,training/memes/210016.jpeg,a close up of a child in a car seat with a caption saying women rights women '
210017,training/memes/210017.jpeg,they are playing basketball in the street with a girl and a boy
210018,training/memes/210018.jpeg,a man with a beard and a hat is pointing at something
210019,training/memes/210019.jpeg,a woman in a white shirt is standing in front of a pink and grey background
210020,training/memes/210020.jpeg,a close up of a person holding a cell phone with a caption of a cartoon character
210021,training/memes/210021.jpeg,a woman yelling with her mouth open while standing on a sidewalk
210022,training/memes/210022.jpeg,there are four pictures of a woman with red hair and glasses
210023,training/memes/210023.jpeg,a close up of a person on a cell phone with a video
210024,training/memes/210024.jpeg,"arafed man in plaid shirt sitting in kitchen with text that reads, i'm webb"
210025,training/memes/210025.jpeg,a man in a tuxedo holding a glass of wine with a caption saying so it
210026,training/memes/210026.jpeg,araffes of a woman with a purple dress and a black top
210027,training/memes/210027.jpeg,a man holding a sign with a woman in front of him
210028,training/memes/210028.jpeg,a cartoon of a woman with glasses and a necklace holding a pair of glasses
210029,training/memes/210029.jpeg,a man in a purple suit and top hat with a hat on
210030,training/memes/210030.jpeg,two pictures of a woman running a race with a man in the background
210031,training/memes/210031.jpeg,a close up of a cartoon figure with a caption of a man in a pirate costume
210032,training/memes/210032.jpeg,a woman in a red bandana is holding a sign that says husbands if you love your wife
210033,training/memes/210033.jpeg,a black and white photo of two women in old fashioned clothing
210034,training/memes/210034.jpeg,"a woman holding a gun and wearing headphones with a caption that reads, the new age"
210035,training/memes/210035.jpeg,a picture of a woman with a pink mohawk and a man with a purple mohawk
210036,training/memes/210036.jpeg,a cartoon of a man in a suit and tie standing next to a trash can
210037,training/memes/210037.jpeg,a woman with a necklace on her neck is looking at the camera
210038,training/memes/210038.jpeg,a map of the united states with a red and blue map of the states
210039,training/memes/210039.jpeg,a close up of a text message from a person on a cell phone
210040,training/memes/210040.jpeg,a woman in a white top and leggings standing in front of a counter
210041,training/memes/210041.jpeg,arafed woman in jeans and a white shirt is standing in front of a camera
210042,training/memes/210042.jpeg,a close up of a woman in a black shirt and jeans
210043,training/memes/210043.png,cartoon of a group of people in halloween costumes with speech bubbles
210044,training/memes/210044.jpeg,arafed woman laying on a bed with a caption of a picture
210045,training/memes/210045.png,"a man with his hands up in the air with a caption saying, when that one friend"
210046,training/memes/210046.jpeg,a close up of a person with a fist in the air
210047,training/memes/210047.jpeg,two bread buns in a plastic container with a caption of a photo
210048,training/memes/210048.jpeg,a close up of a person in shiny red pants with a caption
210049,training/memes/210049.png,a close up of a person wearing jeans and a pair of shoes
210050,training/memes/210050.jpeg,arafed image of a man running on a beach with a caption of a caption
210051,training/memes/210051.jpeg,arafed woman in yellow shirt jumping on a surfboard on a beach
210052,training/memes/210052.png,araff tweeing about a starfish in an aquarium
210053,training/memes/210053.jpeg,a picture of a woman in tight pants and a man in a blue shirt
210054,training/memes/210054.jpeg,a picture taken from a picture of a person sitting in a chair with a sign on it
210055,training/memes/210055.jpeg,a close up of a person in a uniform smiling at the camera
210056,training/memes/210056.jpeg,a man in a suit and tie with a caption saying what if i'm super attractive
210057,training/memes/210057.jpeg,a picture of a man with a beard and a woman with a beard and a man with a
210058,training/memes/210058.jpeg,"a picture of a man with a beard and a beard that says, me trying to flirt just"
210059,training/memes/210059.jpeg,a close up of a person on a street with a caption
210060,training/memes/210060.jpeg,a close up of a person with a green face and a text message
210061,training/memes/210061.png,a pie chart with a pie chart of people who think i am attractive
210062,training/memes/210062.jpeg,arafed image of a woman with a hat and a caption of a girl with a
210063,training/memes/210063.jpeg,there is a cat that is laying on a couch with a caption
210064,training/memes/210064.jpeg,a cartoon image of a man with glasses and a red shirt
210065,training/memes/210065.jpeg,a close up of two photos of a woman with glasses
210066,training/memes/210066.jpeg,a close up of a person with a smile on a cell phone
210067,training/memes/210067.jpeg,a woman in a white dress is posing for a picture
210068,training/memes/210068.png,there is a cat that is looking at the camera
210069,training/memes/210069.jpeg,there is a man looking in the mirror at himself in the mirror
210070,training/memes/210070.jpeg,"arafed man in yellow jacket pointing at a tree with caption saying, my wife is"
210071,training/memes/210071.jpeg,arafed girl in a hat and jacket standing in a hallway
210072,training/memes/210072.png,there is a man that is crying with a caption in the background
210073,training/memes/210073.jpeg,a close up of a person pointing a finger at something
210074,training/memes/210074.png,a cartoon drawing of a woman talking to a man about something
210075,training/memes/210075.jpeg,a close up of a star wars character with a caption saying what do you not find me
210076,training/memes/210076.jpeg,arafish girl in a skirt playing in a fountain with water
210077,training/memes/210077.jpeg,a picture of a man and woman are shown in a picture
210078,training/memes/210078.jpeg,arafed man in a suit and tie standing in front of a door
210079,training/memes/210079.jpeg,a couple of pictures of a man and a woman in winter clothes
210080,training/memes/210080.jpeg,a close up of a person sitting at a table with a beer
210081,training/memes/210081.jpeg,a couple of pictures of a man and a woman with a beard
210082,training/memes/210082.jpeg,arafed girl in a bikini with a surprised expression on her face
210083,training/memes/210083.jpeg,arafed fox sitting on a chair with a caption of a caption of a fox
210084,training/memes/210084.jpeg,a close up of two pictures of a cat and a cat with a bow
210085,training/memes/210085.jpeg,someone is sitting on a bed with their feet up and a caption that reads before you help
210086,training/memes/210086.jpeg,someone is holding the hand of a man who is laying in bed
210087,training/memes/210087.jpeg,arafed man laying on the ground with his legs up and a cell phone in his hand
210088,training/memes/210088.jpeg,"araff is standing in front of a sign that says, before sending nudes ask yourself"
210089,training/memes/210089.jpeg,a close up of two pictures of a doughnut with a bite taken out of it
210090,training/memes/210090.jpeg,a close up of a person with a surprised look on their face
210091,training/memes/210091.jpeg,"a cartoon picture of a man with a angel on his head and a caption that reads,"
210092,training/memes/210092.jpeg,a picture taken from a video of a man riding a motorcycle with a dog on it
210093,training/memes/210093.png,arafed cat sitting on its back with a caption of a picture of a cat
210094,training/memes/210094.jpeg,arafiage before marriage after marriage
210095,training/memes/210095.jpeg,a cartoon picture of a man and woman talking to each other
210096,training/memes/210096.jpeg,a man in a black jacket is making a funny face
210097,training/memes/210097.jpeg,a close up of a person in a gold bodysuit with a caption
210098,training/memes/210098.jpeg,there is a woman yelling at a man with a cell phone
210099,training/memes/210099.jpeg,a picture taken from a cartoon of a person holding a hand
210100,training/memes/210100.jpeg,a woman with long hair and a smile on her face
210101,training/memes/210101.jpeg,arafed man sitting on a bed with a woman who is covering her face
210102,training/memes/210102.jpeg,"arafed woman in a shower with a caption saying, every day in the shower"
210103,training/memes/210103.jpeg,a man in a striped shirt is standing with his arms crossed
210104,training/memes/210104.jpeg,there are many people sitting at a table with glasses of wine
210105,training/memes/210105.png,they are in bed with a woman and a man who are lying down
210106,training/memes/210106.jpeg,a woman holding a gun and a man in a white shirt
210107,training/memes/210107.jpeg,a man in a suit and tie with a caption saying when a year old trump sucks on
210108,training/memes/210108.jpeg,a cartoon picture of a man in a red shirt and a white glove
210109,training/memes/210109.png,a close up of a person with a smile on their face
210110,training/memes/210110.jpeg,"cartoon of a woman holding a donut with the caption me, and idiot memes about"
210111,training/memes/210111.jpeg,"a woman holding up a sign that says, no, i don't think i will"
210112,training/memes/210112.jpeg,a man in a gray shirt is holding his head with his hands
210113,training/memes/210113.jpeg,arafed man and woman standing in front of lockers with a girl
210114,training/memes/210114.jpeg,a close up of a bear on a log with a caption saying hey guys i think i
210115,training/memes/210115.jpeg,a woman and a man are sitting down on a tv
210116,training/memes/210116.jpeg,a woman in a red dress holding a microphone and singing
210117,training/memes/210117.png,a close up of a person with glasses on and a triangle
210118,training/memes/210118.jpeg,"a cartoon spongebob reading a book with a caption that reads, gender fluid people"
210119,training/memes/210119.jpeg,arafed image of a man sitting at a table with a beer
210120,training/memes/210120.png,two cartoon pictures of a man and woman with different expressions
210121,training/memes/210121.jpeg,"a purple background with a smiley face and a text that says, my parents think, i '"
210122,training/memes/210122.jpeg,there are a lot of people that are posing for a picture
210123,training/memes/210123.jpeg,a couple of people standing in a room with a caption that reads corporation over the next few
210124,training/memes/210124.jpeg,they bet he is thinking about other girls he if an in binary is king queen what should they
210125,training/memes/210125.jpeg,a woman and man talking to each other in a park
210126,training/memes/210126.jpeg,they are in bed with a woman and a man who are both looking at something
210127,training/memes/210127.jpeg,a poster with a man's face and a quote on it
210128,training/memes/210128.jpeg,a man and woman in black leather clothes standing next to each other
210129,training/memes/210129.jpeg,"cartoon of a man and woman sitting at a table with a sign saying, so are you an"
210130,training/memes/210130.jpeg,arafed obama drinking a beer in a pub with a caption saying love a bint
210131,training/memes/210131.jpeg,a close up of a microphone with a crab on it
210132,training/memes/210132.jpeg,a collage of pictures of a man with a mustache and a woman with a mustache
210133,training/memes/210133.png,a picture of a picture of a mario bros character and a sign
210134,training/memes/210134.jpeg,a man in a suit and tie standing in front of a microphone
210135,training/memes/210135.jpeg,two women with scarves on their heads and one has a sad face
210136,training/memes/210136.jpeg,a man in a kilt with a sword and shield in front of a crowd
210137,training/memes/210137.jpeg,a series of pictures of different types of brain images
210138,training/memes/210138.jpeg,a woman in a pink shirt is talking to a reporter
210139,training/memes/210139.jpeg,a close up of a person wearing a sweater and a sweater
210140,training/memes/210140.jpeg,spongebob meme - you sir are a bitch
210141,training/memes/210141.jpeg,a close up of a child sitting on a couch with a finger up
210142,training/memes/210142.png,ariel the little mermaid meme with a red hair and blue eyes
210143,training/memes/210143.png,there is a man that is sitting in front of a computer
210144,training/memes/210144.jpeg,"a painting of a woman reading a book with a caption that reads, when you read your"
210145,training/memes/210145.jpeg,"araffes, memes, and burger you the burger now bitch"
210146,training/memes/210146.jpeg,arafed judge sitting in a chair with her hands up
210147,training/memes/210147.png,a close up of a child with a ponytail and a yellow shirt
210148,training/memes/210148.jpeg,a woman singing into a microphone with a caption that reads 100 % that bitch
210149,training/memes/210149.jpeg,a cartoon picture of a woman with a red hat and a pink dress
210150,training/memes/210150.jpeg,a close up of a person holding a tissue paper in their hand
210151,training/memes/210151.jpeg,arafed image of a woman holding a phone in front of a machine
210152,training/memes/210152.jpeg,a poster with a picture of a mushroom with a caption saying bitches be like if you
210153,training/memes/210153.jpeg,a close up of a dog with a funny face on it
210154,training/memes/210154.jpeg,pregnant woman sitting on bus with cell phone in hand
210155,training/memes/210155.jpeg,a close up of a car with a cartoon on it and a picture of a man with a
210156,training/memes/210156.jpeg,arafed man with a hat and a funny expression on his face
210157,training/memes/210157.png,three naked women in a bathtub with a caption saying bitches be like twerk team
210158,training/memes/210158.png,cartoon characters are shown in a series of pictures with caption
210159,training/memes/210159.jpeg,arafed man kneeling in front of a sand sculpture on the beach
210160,training/memes/210160.jpeg,arafed woman holding a microphone and a microphone in her hand
210161,training/memes/210161.jpeg,araffed woman looking through binoculars with caption saying bitches be like i'm
210162,training/memes/210162.jpeg,there is a woman with a big belly in a black shirt
210163,training/memes/210163.jpeg,"arafed man in a white shirt and tie with a caption that reads, you bitch"
210164,training/memes/210164.jpeg,a close up of a person holding a gun in front of a crowd of people
210165,training/memes/210165.jpeg,araffe sitting on a rock with a caption saying bitches be like in thick
210166,training/memes/210166.jpeg,a close up of a fish with a mouth open and a caption saying bitches be like
210167,training/memes/210167.jpeg,there are two pictures of a woman in the rain with a caption
210168,training/memes/210168.jpeg,a close up of a person laying in a hospital bed with a phone
210169,training/memes/210169.jpeg,a close up of a person with a body that has a large amount of fat
210170,training/memes/210170.jpeg,there is a picture of a woman sitting on a toilet
210171,training/memes/210171.jpeg,there are many people that are in a large room
210172,training/memes/210172.jpeg,a black and white photo of a man in a suit and sunglasses with a crowd of people
210173,training/memes/210173.jpeg,a picture taken from a facebook account of a troll with a caption of a man with a
210174,training/memes/210174.jpeg,a close up of a fire burning in a house with a fire truck in front of it
210175,training/memes/210175.jpeg,arafed woman holding a string with a caption saying when i realize they don't
210176,training/memes/210176.jpeg,arafed man in leather jacket holding a microphone and giving a peace sign
210177,training/memes/210177.jpeg,arafed man laying on the floor with his arms outstretched out
210178,training/memes/210178.jpeg,arafed woman sitting at a table with a drink in front of her
210179,training/memes/210179.jpeg,a close up of a spider man on a cell phone
210180,training/memes/210180.jpeg,a close up of a cat sitting on a person's lap with caption
210181,training/memes/210181.png,a close up of a person with a thumbs up and a sign
210182,training/memes/210182.jpeg,batman slapping a man with a bat in his hand
210183,training/memes/210183.jpeg,a close up of a person holding a cup with a frog on it
210184,training/memes/210184.jpeg,two toy story characters are standing next to each other in a room
210185,training/memes/210185.jpeg,a man in a suit and tie sitting in a car with a calculator on his head
210186,training/memes/210186.png,a close up of a cartoon character with a caption of buzz and some bitches
210187,training/memes/210187.jpeg,a group of people with different faces and words on them
210188,training/memes/210188.jpeg,there is a dog that is laying on a lawn chair
210189,training/memes/210189.jpeg,a penguin is standing on a red and blue background with a caption that reads finally found great
210190,training/memes/210190.jpeg,a close up of a person making a peace sign with their fingers
210191,training/memes/210191.jpeg,a man with a beard and no bitches allowed
210192,training/memes/210192.jpeg,there is a man pointing at something in a room with boxes
210193,training/memes/210193.jpeg,a close up of a person with a face on a stairway
210194,training/memes/210194.jpeg,a close up of a cartoon character with green eyes and a caption saying wait you got bitch
210195,training/memes/210195.png,there is a picture of a picture of a building with a pond in front of it
210196,training/memes/210196.jpeg,a yellow smiley face with big eyes and teeth with a caption saying bitches be like who
210197,training/memes/210197.jpeg,a close up of a cartoon alien with a caption saying no valentine like last year
210198,training/memes/210198.jpeg,there is a dog sitting on a table with a sign on it
210199,training/memes/210199.png,there is a cartoon alien with a caption that says 18 and still no bitches
210200,training/memes/210200.jpeg,there must be something to blame black men
210201,training/memes/210201.jpeg,a cartoon of a man in a red shirt is playing a video game
210202,training/memes/210202.jpeg,a cartoon of a comic strip with a man and woman talking to each other
210203,training/memes/210203.jpeg,a close up of a poster with many different pictures of people
210204,training/memes/210204.jpeg,there is a woman that is looking at a laptop with a funny caption
210205,training/memes/210205.jpeg,a close up of a person wearing a hat and a bow tie
210206,training/memes/210206.jpeg,a picture of a collage of pictures of the characters of disney
210207,training/memes/210207.jpeg,a woman in a blue shirt is holding her fists up
210208,training/memes/210208.jpeg,simpsons saying on a screen with a woman standing in front of it
210209,training/memes/210209.jpeg,a cartoon image of a man in a green shirt and tie
210210,training/memes/210210.jpeg,there is a doctor talking to a patient about his diagnosis
210211,training/memes/210211.jpeg,a man in a blue shirt and suspends standing in an office space
210212,training/memes/210212.jpeg,a picture of a picture of a man with a face and a caption of a woman
210213,training/memes/210213.jpeg,a cartoon of a woman holding a phone up to a red button
210214,training/memes/210214.jpeg,a close up of a child with a cell phone in his hand
210215,training/memes/210215.jpeg,a woman in a white shirt is pointing at a map
210216,training/memes/210216.jpeg,a woman in a hat and jacket standing in a hallway
210217,training/memes/210217.jpeg,a cartoon picture of a man in a white shirt and tie
210218,training/memes/210218.jpeg,a close up of a person wearing a mask with a caption
210219,training/memes/210219.jpeg,a picture taken from a movie with a quote on it
210220,training/memes/210220.jpeg,a cartoon picture of a man in a white shirt and tie holding a knife
210221,training/memes/210221.jpeg,a cartoon of a woman riding a bike with a pink hair
210222,training/memes/210222.jpeg,a close up of a pair of brown shoes with holes on them
210223,training/memes/210223.jpeg,a picture of a poster with a picture of a woman and a picture of a man
210224,training/memes/210224.jpeg,there are many cats standing in a line in a room
210225,training/memes/210225.jpeg,a man with a pink wig and glasses is in a store
210226,training/memes/210226.jpeg,a cartoon picture of a woman in a red dress and a man in a blue shirt
210227,training/memes/210227.jpeg,a cartoon picture of a man in a white shirt and tie
210228,training/memes/210228.jpeg,"arafed dog hanging from a power line with a caption saying, when you get yourself"
210229,training/memes/210229.jpeg,a cartoon picture of a woman with a green shirt and a black hair
210230,training/memes/210230.jpeg,there is a cat that is looking at a dog through a glass door
210231,training/memes/210231.png,there is a cartoon of two men with a beard and a fish
210232,training/memes/210232.jpeg,a man with long hair and a beard in a leather jacket
210233,training/memes/210233.jpeg,arafed man sitting on a porch with a flower pot and pointing at the camera
210234,training/memes/210234.jpeg,a bear sitting on a log with the caption of a weight limit in the elevator when i
210235,training/memes/210235.jpeg,a woman in a red top sitting on a couch with a large breast
210236,training/memes/210236.png,a close up of a person with a big breast posing for a picture
210237,training/memes/210237.jpeg,a picture of a man with a beard and a caption of the avengers
210238,training/memes/210238.jpeg,a woman with a funny expression on her face and the caption of me after seeing small boo
210239,training/memes/210239.jpeg,a man with a bald head and hands up in the air
210240,training/memes/210240.jpeg,a man in a bathroom with a picture of thanos and a caption of the same guy
210241,training/memes/210241.jpeg,a cartoon drawing of a man with a beard and a woman with a pencil
210242,training/memes/210242.jpeg,a man in a tie standing in an office with a bunch of women
210243,training/memes/210243.jpeg,a close up of two pictures of an otter with glasses on
210244,training/memes/210244.jpeg,there is a woman in a bikini that is under water
210245,training/memes/210245.png,a close up of a person with a bald head and hands
210246,training/memes/210246.jpeg,arafed dog dressed in a white dress with a white collar
210247,training/memes/210247.jpeg,a picture of a woman in a red dress and batman in a red dress
210248,training/memes/210248.jpeg,arafed picture of a woman in a red dress and a black and white striped dress
210249,training/memes/210249.jpeg,a cartoon picture of ariel and prince in the same scene
210250,training/memes/210250.jpeg,arafed woman in a bikini and a hat with a hat on
210251,training/memes/210251.jpeg,there is a woman that is sitting at a table with a laptop
210252,training/memes/210252.jpeg,a close up of two breasts with the words let me introduce you to let do and right do
210253,training/memes/210253.jpeg,a close up of a poster with a woman with a fake boo
210254,training/memes/210254.png,arafed image of a girl in a pink shirt and floral skirt
210255,training/memes/210255.jpeg,arafe photo of a woman holding a baby and a man holding a baby
210256,training/memes/210256.jpeg,arafed image of a woman in a military uniform holding a microphone
210257,training/memes/210257.jpeg,they are posing for a picture in a bar with a guy
210258,training/memes/210258.png,"a baby yoda is shown with the caption of a meme saying, please save me"
210259,training/memes/210259.jpeg,a woman is talking to a child who is sitting down
210260,training/memes/210260.jpeg,a man holding a cell phone in his right hand and a cell phone in his left hand
210261,training/memes/210261.png,two birds standing on top of a pile of rocks next to each other
210262,training/memes/210262.jpeg,a woman and a man are smiling at each other
210263,training/memes/210263.jpeg,a picture of a woman in a spider - man suit and a man in a suit
210264,training/memes/210264.jpeg,there is a man walking across a brick walkway with a sign
210265,training/memes/210265.jpeg,boys will be boys - boys will be boys
210266,training/memes/210266.jpeg,someone is holding a ticket and a ticket in their hand
210267,training/memes/210267.jpeg,a group of photos of a man with different facial expressions
210268,training/memes/210268.jpeg,they are standing in a room with a tv and a man on a scale
210269,training/memes/210269.jpeg,a cartoon drawing of a man with a beard and a woman with a knife
210270,training/memes/210270.jpeg,anime memes of a girl and boy with a caption of what girls think boys want
210271,training/memes/210271.jpeg,a black and white photo of a group of men on a beach
210272,training/memes/210272.png,a cartoon drawing of a man and woman with a beard
210273,training/memes/210273.png,someone is holding a box of tampax on their hand
210274,training/memes/210274.jpeg,arafed woman sitting on a bench with a map and a glass of water
210275,training/memes/210275.jpeg,boys will be boys nope boys will be mad about their actions
210276,training/memes/210276.jpeg,there are four pictures of a man and a woman on the beach
210277,training/memes/210277.jpeg,there are three kittens that are standing up against a wall
210278,training/memes/210278.jpeg,a close up of a person on a laptop with a woman on a phone
210279,training/memes/210279.jpeg,a picture of a man and a boy with a caption of a picture of a child and
210280,training/memes/210280.jpeg,araf grader hugs a girl just had sex
210281,training/memes/210281.jpeg,a picture of a cartoon picture of a woman with a robot and a man with a hat
210282,training/memes/210282.jpeg,a cartoon picture of a woman and a man with guns
210283,training/memes/210283.jpeg,a close up of a child holding a teddy bear on a white background
210284,training/memes/210284.jpeg,a woman standing in a kitchen with her hands on her hips
210285,training/memes/210285.jpeg,a woman and man are arguing over a joke on a laptop
210286,training/memes/210286.jpeg,they are in the kitchen together and the woman is kissing the man
210287,training/memes/210287.jpeg,a close up of a person sleeping in bed with a book
210288,training/memes/210288.jpeg,arafed image of a couple of people standing on a baseball field
210289,training/memes/210289.jpeg,a cartoon drawing of a man with a beard and a woman with a beard
210290,training/memes/210290.jpeg,two women talking to each other about their own feelings
210291,training/memes/210291.jpeg,a cartoon of a man looking at himself in the mirror
210292,training/memes/210292.png,a man in a hat holding a sword with the words me call me sexist nahm sex
210293,training/memes/210293.jpeg,araff skeleton sitting on a bench with a sign that says waiting for wife in fabric shop
210294,training/memes/210294.jpeg,a close up of a pile of clothes on a floor near a tv
210295,training/memes/210295.jpeg,a couple of men standing next to each other on a street
210296,training/memes/210296.jpeg,a woman in a dress and a basket of clothes
210297,training/memes/210297.jpeg,a cartoon picture of a woman trying to get new clothes
210298,training/memes/210298.png,there is a black and white photo of a man hanging out clothes on a line
210299,training/memes/210299.jpeg,araffes mom you never wear the clothes i buy you the clothes
210300,training/memes/210300.jpeg,a picture of a man in a colorful sweater walking down a runway
210301,training/memes/210301.jpeg,woman in black dress and hat with caption saying if you don't cook for your man
210302,training/memes/210302.jpeg,a couple of people cooking in a kitchen with a caption saying honey did i ever tell you
210303,training/memes/210303.jpeg,woman in kitchen with a thermometer and a man in aprons
210304,training/memes/210304.jpeg,someone is holding a pot in front of a refrigerator with a lid
210305,training/memes/210305.jpeg,arafed man standing in a kitchen with a lot of food on the counter
210306,training/memes/210306.jpeg,there are many different pictures of a woman in a kitchen
210307,training/memes/210307.jpeg,a close up of a baby yodah with a caption that reads when your husband works
210308,training/memes/210308.jpeg,there are some food in a pot on the stove
210309,training/memes/210309.jpeg,a man in a white shirt is sitting at a table with a knife
210310,training/memes/210310.jpeg,a close up of a stove top with a pan and a pan on it
210311,training/memes/210311.jpeg,a cartoon of a man and woman sitting at a table with wine glasses
210312,training/memes/210312.png,a close up of a baby yoda holding a spatula in its hand
210313,training/memes/210313.jpeg,they should have to do something to clean the kitchen for us
210314,training/memes/210314.jpeg,a woman serving a man a plate of food at a restaurant
210315,training/memes/210315.jpeg,arafed man in a kitchen with a dishwasher and a dishwasher
210316,training/memes/210316.jpeg,"a close up of a child in a car seat with a caption saying, me when my"
210317,training/memes/210317.jpeg,woman preparing food in kitchen with text that reads dear future wife p i deactivate your f
210318,training/memes/210318.jpeg,there is a man standing in a field with a basket of food
210319,training/memes/210319.jpeg,arafed man with a guitar and a quote on it
210320,training/memes/210320.jpeg,a cartoon drawing of a woman with different facial expressions
210321,training/memes/210321.jpeg,"cartoon of a woman with a mickey mouse ears and a caption that reads, roses are red"
210322,training/memes/210322.jpeg,"a man holding a large rock in his hands with a caption that reads, 8 year old"
210323,training/memes/210323.jpeg,a close up of a frog sitting on a rock near a body of water
210324,training/memes/210324.jpeg,there are two pictures of a man in a suit and tie
210325,training/memes/210325.jpeg,a cartoon of a woman and a woman with different types of breasts
210326,training/memes/210326.jpeg,a close up of a person holding a finger up to a tweet
210327,training/memes/210327.jpeg,they are in bed with a red light on their forehead
210328,training/memes/210328.jpeg,a man sitting down talking to another man about his job
210329,training/memes/210329.jpeg,arafed man and woman laying in bed with a pillow and a pillow
210330,training/memes/210330.jpeg,a cartoon cat sitting on a bench with a caption of a woman in the background
210331,training/memes/210331.jpeg,there is a woman leaning on a pillar with a quote on it
210332,training/memes/210332.jpeg,there is a woman in a bathtub with a heart shaped tub
210333,training/memes/210333.jpeg,a man in a black shirt and yellow gloves holding a bucket of food
210334,training/memes/210334.jpeg,jesus stop projecting the french flag on that girl she doesn't want to be french jesus st
210335,training/memes/210335.jpeg,a dragon with a light saber and a man on it is in the snow
210336,training/memes/210336.jpeg,arafed image of a man falling off a skateboard on a sidewalk
210337,training/memes/210337.jpeg,there is no such thing reverse racism or reverse discrimination
210338,training/memes/210338.jpeg,a cartoon picture of a man in a suit and tie with a sign that says you know what
210339,training/memes/210339.png,there is a man that is talking to someone on the phone
210340,training/memes/210340.jpeg,a poster with a picture of a brain and a person with a brain on it
210341,training/memes/210341.jpeg,a woman in a mask is holding a gun with a light
210342,training/memes/210342.png,there is a bird that is standing on the grass with a caption
210343,training/memes/210343.jpeg,a woman with dreadlocks and glasses sitting in front of a crowd
210344,training/memes/210344.jpeg,sponge sponge sponge sponge sponge sponge sponge sponge sponge sponge sponge sponge sponge sponge sponge sponge sponge sponge sponge
210345,training/memes/210345.jpeg,a poster with a group of people standing in front of a white background
210346,training/memes/210346.jpeg,philososaurus with a caption saying if women do the same job as men for less money
210347,training/memes/210347.jpeg,arafed man in a blue shirt is playing with a dog
210348,training/memes/210348.jpeg,araffe is standing on its hind legs and looking at a phone
210349,training/memes/210349.jpeg,"a woman with a funny expression on her face and a caption that says, we need an"
210350,training/memes/210350.jpeg,a man in a leather jacket talking on a cell phone
210351,training/memes/210351.jpeg,a man in a suit and tie sitting in front of a table with a paper
210352,training/memes/210352.jpeg,a cartoon of a comic strip with a man and woman sitting at a table
210353,training/memes/210353.jpeg,a cartoon of a man kneeling down with his hands in the air
210354,training/memes/210354.jpeg,arafed image of a man and woman sitting at a table with a man in a suit
210355,training/memes/210355.jpeg,there are two pictures of a man with glasses and a speech bubble
210356,training/memes/210356.jpeg,a close up of a person giving a thumbs up with a caption
210357,training/memes/210357.jpeg,a woman in a suit is on a television show with a caption
210358,training/memes/210358.jpeg,a woman with a toothbrush in her mouth and a caption that reads it's terrible
210359,training/memes/210359.jpeg,a woman in a black shirt is talking to a man in a pink shirt
210360,training/memes/210360.jpeg,a picture of a frozen princess with a caption saying everyone thinks i'm smart blonde pretending
210361,training/memes/210361.jpeg,a woman with blonde hair and a smile on her face
210362,training/memes/210362.jpeg,"blondes nuff said, i'm not a bad girl"
210363,training/memes/210363.jpeg,a woman in a pink dress holding a microphone and talking
210364,training/memes/210364.jpeg,a close up of a woman with a surprised look on her face
210365,training/memes/210365.jpeg,there is a girl that is standing in front of a wall with writing on it
210366,training/memes/210366.jpeg,blond woman in white bra top with money in mouth
210367,training/memes/210367.jpeg,a close up of a person with a blond wig and a quote
210368,training/memes/210368.jpeg,a woman with a surprised look on her face holding her hands up
210369,training/memes/210369.png,a woman with a funny expression on her face holding a sign
210370,training/memes/210370.jpeg,a close up of a person with a funny face on a wall
210371,training/memes/210371.jpeg,a woman in a black shirt is staring at something
210372,training/memes/210372.jpeg,a woman with a funny expression on her face saying why do blondes always smile during thunderstorm
210373,training/memes/210373.jpeg,a woman holding a box with a man in it and a sign that says free mammog
210374,training/memes/210374.jpeg,a girl with a spider on her head and a meme with the caption of the eagles
210375,training/memes/210375.jpeg,arafed woman in a pink shirt with a red heart on it
210376,training/memes/210376.jpeg,a woman in a hard hat holding a hammer and a sign
210377,training/memes/210377.png,blond blonde joke with caption of a woman laughing and laughing
210378,training/memes/210378.jpeg,a cartoon of a woman with a red hat and a man with a red hat
210379,training/memes/210379.jpeg,two women walking down a sidewalk next to the ocean
210380,training/memes/210380.jpeg,arafed picture of a woman eating a piece of cake
210381,training/memes/210381.jpeg,arafed woman speaking into a microphone with a statue of a man in the background
210382,training/memes/210382.jpeg,a woman with blonde hair and a pink shirt is talking to someone
210383,training/memes/210383.jpeg,a woman in a suit and cowboy hat with a caption of donald and mello
210384,training/memes/210384.jpeg,arafed woman holding a candy bar in her mouth and looking at it
210385,training/memes/210385.jpeg,a woman with long blonde hair and a white top is holding her hand up to her mouth
210386,training/memes/210386.jpeg,a cartoon lion sitting on the ground with his arms spread out and a caption saying trying to
210387,training/memes/210387.jpeg,a woman in a red jacket standing in front of a clock
210388,training/memes/210388.jpeg,a picture of a picture of a quote that says girls compete with each other
210389,training/memes/210389.jpeg,two toy story characters are standing next to each other
210390,training/memes/210390.jpeg,a close up of a person wearing a helmet and a quote
210391,training/memes/210391.jpeg,a close up of a woman with long hair smiling at the camera
210392,training/memes/210392.jpeg,a woman sitting in a chair with a cigarette in her hand
210393,training/memes/210393.jpeg,a woman with a pink sweater and pink hearts on her chest
210394,training/memes/210394.jpeg,there are two pictures of a woman covering her face with a scarf
210395,training/memes/210395.png,there are two dogs wearing pink shirts and one is wearing a pink shirt
210396,training/memes/210396.jpeg,arafed man in a brown outfit holding a gun in the snow
210397,training/memes/210397.jpeg,a woman talking to a child about being a woman
210398,training/memes/210398.jpeg,not sure if women are embrowed or victims - not sure if women are embrowed
210399,training/memes/210399.jpeg,arafed image of a group of women holding up a globe
210400,training/memes/210400.jpeg,what if i told you empowering women are independent humble visionary and determined
210401,training/memes/210401.jpeg,arafed picture of a woman with a caption of a quote
210402,training/memes/210402.jpeg,a man in a purple jacket and bow tie holding his head
210403,training/memes/210403.jpeg,a close up of a person using a vapor machine to smoke a cigarette
210404,training/memes/210404.jpeg,a woman sitting on a couch next to a man who is laying down
210405,training/memes/210405.png,a woman with dreadlocks and a hat on with a caption saying when drunk if women
210406,training/memes/210406.jpeg,a woman in a red dress holding a microphone and singing
210407,training/memes/210407.jpeg,a cartoon image of a man with glasses and a red shirt
210408,training/memes/210408.jpeg,a man in a suit holding a microphone and talking into a microphone
210409,training/memes/210409.jpeg,a close up of a person holding a rope with a caption of a man on it
210410,training/memes/210410.jpeg,a close up of a collage of women with different expressions
210411,training/memes/210411.jpeg,an old man in a hat points at the camera with a caption
210412,training/memes/210412.jpeg,a picture of a boy laughing with a caption that says asks sir to tell a joke turns
210413,training/memes/210413.jpeg,a close up of a child with a chain around her neck
210414,training/memes/210414.jpeg,a man in a gladia costume holding a sword and yelling
210415,training/memes/210415.jpeg,four different pictures of a man in a jacket and a woman in a dress
210416,training/memes/210416.jpeg,arafed man in a suit and tie standing in front of a white board
210417,training/memes/210417.jpeg,yoda one can simply move things around
210418,training/memes/210418.jpeg,that would be great office space person meme
210419,training/memes/210419.jpeg,someone is encouraging them to rise above adversity not constantly telling them they cant do it
210420,training/memes/210420.jpeg,a picture taken from a video of a man holding a sign
210421,training/memes/210421.png,a cartoon of a family watching a baseball game from a fence
210422,training/memes/210422.jpeg,arafed woman with dreadlocks and glasses in a crowd
210423,training/memes/210423.jpeg,there are two pictures of a girl and a boy standing on stools
210424,training/memes/210424.jpeg,a close up of a person talking on a cell phone
210425,training/memes/210425.jpeg,cartoon of a man and woman shaking hands with the words this is equality
210426,training/memes/210426.jpeg,a couple of people that are hugging each other in the same picture
210427,training/memes/210427.jpeg,a woman standing next to a man in a blue shirt
210428,training/memes/210428.jpeg,a woman holding up two signs that say equality for women
210429,training/memes/210429.jpeg,a close up of a sign with a person and a woman
210430,training/memes/210430.jpeg,a close up of a person holding a sign with different expressions
210431,training/memes/210431.jpeg,a woman with glasses and a red shirt is standing in front of a crowd
210432,training/memes/210432.jpeg,arafed guy with a black shirt and a black shirt with a girl in it
210433,training/memes/210433.jpeg,a cartoon picture of a man and woman with different facial expressions
210434,training/memes/210434.jpeg,a close up of a child in a car seat with a caption
210435,training/memes/210435.jpeg,a cartoon of a man and woman who are different from each other
210436,training/memes/210436.jpeg,a cartoon picture of a woman with a bow on her head
210437,training/memes/210437.png,a woman sitting at a desk with a laptop and a notepad
210438,training/memes/210438.jpeg,a cartoon picture of a man and woman running together
210439,training/memes/210439.jpeg,a cartoon of a man with a beard and a woman with a red light on their face
210440,training/memes/210440.png,a woman with red hair and glasses is making a funny face
210441,training/memes/210441.jpeg,a couple of people holding up signs in front of a building
210442,training/memes/210442.jpeg,a cartoon image of a man with glasses and a red jacket
210443,training/memes/210443.jpeg,a man with a beard and a beardlock standing in front of a mountain
210444,training/memes/210444.png,a cartoon of a group of people standing on top of a fence
210445,training/memes/210445.jpeg,a close up of a donut with a caption of a girl
210446,training/memes/210446.jpeg,a cartoon picture of a man in a suit and tie with a fire in the background
210447,training/memes/210447.jpeg,a man sitting in a chair with a book in his hand
210448,training/memes/210448.jpeg,a picture of a group of young people standing next to each other
210449,training/memes/210449.png,a cartoon of a man talking to a woman about science
210450,training/memes/210450.png,arafed image of a man in a suit and tie with his hands up
210451,training/memes/210451.jpeg,a close up of a person with a funny face on a bus
210452,training/memes/210452.jpeg,a woman with a black and white striped shirt is looking at the camera
210453,training/memes/210453.jpeg,a drawing of a bunch of different types of people
210454,training/memes/210454.jpeg,a cartoon picture of a man sitting on a bench with a caption of the same person
210455,training/memes/210455.jpeg,a man sitting on a couch with a caption of a woman talking to him
210456,training/memes/210456.jpeg,arafed image of a man in a top hat and bow tie
210457,training/memes/210457.jpeg,a chart showing the percentage of women at the executive level when their performance is value 3 % less
210458,training/memes/210458.jpeg,a drawing of two people standing next to each other with words on them
210459,training/memes/210459.jpeg,people holding a banner that says men of quality respect womens equality
210460,training/memes/210460.png,there is a woman holding a baby and a quote on it
210461,training/memes/210461.jpeg,a woman in an orange prison outfit sitting on a bed
210462,training/memes/210462.png,a close up of a poster with a man pointing at the camera
210463,training/memes/210463.jpeg,a shirtless man with a microphone in his hand and a caption saying doesn't believe
210464,training/memes/210464.jpeg,a cartoon of a man and woman standing next to each other
210465,training/memes/210465.jpeg,"a woman with her mouth open and a caption saying, is shown evidence of film makers eating"
210466,training/memes/210466.jpeg,a picture of a man in a blue shirt and a woman in a black dress
210467,training/memes/210467.jpeg,arafed woman in glasses making a funny face with her finger
210468,training/memes/210468.jpeg,a picture of a woman with a caption that says that awkward moment when you are called a
210469,training/memes/210469.jpeg,a cartoon of a woman with glasses and a pink hair
210470,training/memes/210470.jpeg,a woman with red hair and glasses is talking to a man
210471,training/memes/210471.jpeg,a close up of a person wearing a hat and a purple jacket
210472,training/memes/210472.jpeg,a woman on a news program with a caption saying claims to be feminist
210473,training/memes/210473.jpeg,woman with red hair and glasses on talking to a man in a white jacket
210474,training/memes/210474.png,a cartoon of a woman with a short haircut and a man with a beard
210475,training/memes/210475.jpeg,a cartoon of a woman and a man with a large bag of food
210476,training/memes/210476.jpeg,arafed woman with red hair and blue eyes with a pink lipstick
210477,training/memes/210477.jpeg,arafed woman holding a sign that says hey beautiful why don't you smile
210478,training/memes/210478.jpeg,"a woman holding a sign that says, i need feminism because i'm not a feminist"
210479,training/memes/210479.jpeg,woman with red hair and glasses talking to camera with caption
210480,training/memes/210480.jpeg,a woman with a yoda face and a caption that says the feminist agenda is strong with
210481,training/memes/210481.jpeg,there are four pictures of a woman with different facial expressions
210482,training/memes/210482.png,a cartoon of a man and woman holding guns in their hands
210483,training/memes/210483.jpeg,a close up of a poster with a woman in a dress
210484,training/memes/210484.jpeg,a woman in a blue dress with a quote on it
210485,training/memes/210485.jpeg,araffes with a woman in a silver dress and a man in a black suit
210486,training/memes/210486.jpeg,a woman holding a sign that says feminist and a man holding a sign that says feminist
210487,training/memes/210487.jpeg,a close up of a person wearing a crown on a stage
210488,training/memes/210488.jpeg,"arafed man in a suit and tie with a caption saying, cat calling isn '"
210489,training/memes/210489.jpeg,a cartoon image of a sponge sponge with a caption saying twitter
210490,training/memes/210490.jpeg,a man in a sweater is smiling and holding a cell phone
210491,training/memes/210491.png,a close up of a woman with glasses and a sword
210492,training/memes/210492.jpeg,a cartoon picture of a man and woman dancing together in a disney movie
210493,training/memes/210493.jpeg,there are two pictures of a woman with red hair and a man with red hair
210494,training/memes/210494.jpeg,arafed man with beard and blue shirt with text on it
210495,training/memes/210495.jpeg,a close up of a woman with a gun and a movie
210496,training/memes/210496.jpeg,someone is standing on a scale with a mop and bucket
210497,training/memes/210497.jpeg,a close up of a man with glasses and a beard
210498,training/memes/210498.jpeg,a woman holding a sign that says this is still what a feminist looks like
210499,training/memes/210499.jpeg,a woman laughing and laughing with a caption of a girl saying
210500,training/memes/210500.jpeg,a close up of a cartoon character with a caption of a woman
210501,training/memes/210501.png,there is a man with a beard and a blue shirt
210502,training/memes/210502.png,cartoon of a man and woman talking to each other in a window
210503,training/memes/210503.jpeg,a man in a suit holding a cup of coffee and smiling
210504,training/memes/210504.jpeg,a woman with a shaved head and a pink top and a green dress
210505,training/memes/210505.jpeg,a woman in a green shirt holding a comb and a pink and blue background
210506,training/memes/210506.jpeg,arafed image of a woman sitting in a chair with a quote on it
210507,training/memes/210507.jpeg,arafed woman holding a file of paper in front of a box
210508,training/memes/210508.jpeg,a woman with a knife and a fire in her hand and a woman with a knife in her
210509,training/memes/210509.jpeg,a cartoon of a man with a beard and a woman with a beard
210510,training/memes/210510.jpeg,a woman and a child are sitting down and talking to each other
210511,training/memes/210511.jpeg,"a woman driving a car with a caption saying, i am strong, independent, and fully"
210512,training/memes/210512.jpeg,arafed image of a woman's feminist poster with a few pictures
210513,training/memes/210513.png,a close up of a person with a caption on a computer screen
210514,training/memes/210514.jpeg,a poster with a bunch of women in different poses
210515,training/memes/210515.png,someone is using a blue button to press the words on a keyboard
210516,training/memes/210516.jpeg,a green and black picture of a dinosaur with a caption saying if the election of feminists
210517,training/memes/210517.png,a woman holding a sign that says this is feminism and a picture of a woman holding a sign
210518,training/memes/210518.jpeg,two pictures of a cartoon character with a caption that reads feminists when women are being abused
210519,training/memes/210519.png,arafed man with pink hearts on his face and a man with a beard
210520,training/memes/210520.jpeg,a woman standing next to a tree with a man holding a knife
210521,training/memes/210521.jpeg,arafed image of a woman with a fist in front of a poster
210522,training/memes/210522.jpeg,a cartoon of a woman with a funny face and a few other women
210523,training/memes/210523.jpeg,a light bulb with a caption saying how many feminists does it take to change a light
210524,training/memes/210524.jpeg,araffes are the only female feminists when they discover corona killed more men than women
210525,training/memes/210525.jpeg,a picture of a woman's head with the words men exit feminists an yes misgly
210526,training/memes/210526.jpeg,arafed image of a man in a suit and tie with a quote on it
210527,training/memes/210527.jpeg,a cartoon image of a woman walking with a cane and a cane
210528,training/memes/210528.jpeg,a cartoon of a woman and a man with a child and a woman with a baby
210529,training/memes/210529.jpeg,araffes feminists the we want some rights as men feminists now
210530,training/memes/210530.jpeg,a picture taken from a magazine with a picture of a woman washing dishes
210531,training/memes/210531.png,"a cartoon picture of a spider man with a caption saying,'what in the golem"
210532,training/memes/210532.png,a close up of two pictures of a woman with glasses and a man with glasses
210533,training/memes/210533.jpeg,a group of seagulls sitting on top of a tree branch
210534,training/memes/210534.jpeg,a close up of a person with a tag on their neck
210535,training/memes/210535.jpeg,a woman with a white wig and a blue dress is standing in front of a fire
210536,training/memes/210536.png,a cartoon of a girl with a pink dress and a chain
210537,training/memes/210537.jpeg,a cartoon of a woman and a man in front of a house
210538,training/memes/210538.jpeg,a close up of a person in a suit and a woman in a skirt
210539,training/memes/210539.jpeg,araffe woman in a wedding dress taking a selfie with a cell phone
210540,training/memes/210540.jpeg,there is a woman sitting in a chair with a hair dryer on her head
210541,training/memes/210541.jpeg,a cartoon of a woman talking to a man about charging a laptop
210542,training/memes/210542.jpeg,a poster with a picture of a woman and a man and a dog
210543,training/memes/210543.jpeg,a cartoon picture of a woman with a funny expression on her face
210544,training/memes/210544.jpeg,a close up of a person with a red light on their face
210545,training/memes/210545.jpeg,muslim woman in black holding a baby in her arms
210546,training/memes/210546.jpeg,a close up of a table with a bunch of tools on it
210547,training/memes/210547.png,there are two women who are having their nails done
210548,training/memes/210548.jpeg,"a picture of a frog with a hoodie and a caption saying, me looking up at"
210549,training/memes/210549.jpeg,a picture taken from a social media post of a woman with a hair dryer on her head
210550,training/memes/210550.jpeg,a cartoon picture of a woman talking on a cell phone
210551,training/memes/210551.jpeg,a close up of a sign with a person in a red circle
210552,training/memes/210552.jpeg,i always wanted to be forced to remized
210553,training/memes/210553.jpeg,a picture of a man in a hard hat is fixing a window
210554,training/memes/210554.jpeg,a woman getting her hair done in a salon with a hair dryer
210555,training/memes/210555.jpeg,am the only one around here who realizes feminism means women being equal and someone feels treated by
210556,training/memes/210556.jpeg,a cartoon of a man with a beard and a woman with a fake mustache
210557,training/memes/210557.jpeg,a close up of a man in a blue shirt with a frown on his face
210558,training/memes/210558.jpeg,a cartoon picture of a woman with blue hair and a caption of the words shopping for clothes
210559,training/memes/210559.jpeg,a cartoon drawing of a man and woman with different facial expressions
210560,training/memes/210560.jpeg,cartoon of a girl laying in bed with a pillow and a pillow case
210561,training/memes/210561.jpeg,a girl becomes 100 times more beautiful when she opens up her hair
210562,training/memes/210562.jpeg,arafed man sitting on a table with a baby and a woman
210563,training/memes/210563.jpeg,a close up of a man with a beard and a tie
210564,training/memes/210564.jpeg,arafed woman sitting next to a man in a stadium
210565,training/memes/210565.png,there is a woman sitting at a table with a box of milk
210566,training/memes/210566.jpeg,a woman in a pink dress and a man in a gray shirt
210567,training/memes/210567.jpeg,arafed woman with white hair and a white blouse sitting in a kitchen
210568,training/memes/210568.jpeg,arafed woman holding two video game controllers in front of her face
210569,training/memes/210569.jpeg,a couple of kids are walking down the street with bananas
210570,training/memes/210570.jpeg,woman in red dress smiling and showing off her breasts
210571,training/memes/210571.jpeg,a close up of a man with a beard and a shirt
210572,training/memes/210572.jpeg,one does not simply fill binders with women - one does not simply fill binders with women
210573,training/memes/210573.jpeg,"arafed woman with dreadlocks and a hat with a caption saying, is a"
210574,training/memes/210574.jpeg,a cartoon picture of a flower with a caption saying americans when a woman wants to control what
210575,training/memes/210575.jpeg,a woman is trying to explain to her mom meme
210576,training/memes/210576.jpeg,arafed woman in a short skirt and white shirt standing in a room
210577,training/memes/210577.jpeg,arafed woman with a sad expression on her face holding her head
210578,training/memes/210578.jpeg,arafed woman with arms outstretched in front of a man with a back pack
210579,training/memes/210579.jpeg,a close up of two pictures of a woman wearing a hat
210580,training/memes/210580.jpeg,a cartoon of a woman talking on a cell phone while a man watches
210581,training/memes/210581.jpeg,"a cartoon image of a woman with a caption saying, free me for the wrong apps for"
210582,training/memes/210582.jpeg,three women in different outfits are posing for a picture
210583,training/memes/210583.jpeg,a picture of a pair of shoes with lights on them
210584,training/memes/210584.jpeg,there is a man and woman hugging each other in the woods
210585,training/memes/210585.jpeg,a picture of a man with a face mask on and a woman with a face mask on
210586,training/memes/210586.jpeg,a black and white photo of a group of women with tattoos
210587,training/memes/210587.jpeg,a cartoon drawing of a man and woman with a camera
210588,training/memes/210588.jpeg,a picture of a man in a suit and tie sitting down
210589,training/memes/210589.png,a close up of a cartoon of a man and a woman
210590,training/memes/210590.jpeg,a cartoon of a man with a mustache and a red shirt
210591,training/memes/210591.jpeg,a woman in a pink shirt is standing in a room with people
210592,training/memes/210592.jpeg,arafed woman in a hat and sunglasses standing in front of a store
210593,training/memes/210593.jpeg,a cartoon of a man with a mustache and a banana in his hand
210594,training/memes/210594.jpeg,arafed man sitting at a table with a sign on it
210595,training/memes/210595.jpeg,arafed man in a kitchen with a knife and a knife in his hand
210596,training/memes/210596.jpeg,woman sitting on a ledge with a cup of coffee in her hand
210597,training/memes/210597.jpeg,there is a woman and a child sitting on the steps
210598,training/memes/210598.jpeg,"kermile the frog drinking tea saying, i'm not sure that i have the right"
210599,training/memes/210599.jpeg,a woman and man standing next to each other with a book in their hands
210600,training/memes/210600.jpeg,a close up of a person in a shirt and tie with a tie
210601,training/memes/210601.png,there are many pictures of a woman holding a sign in front of a crowd
210602,training/memes/210602.jpeg,a picture taken from a video of a man in a suit holding a microphone
210603,training/memes/210603.jpeg,a cartoon image of a man in a hat and glasses with a caption saying is that a
210604,training/memes/210604.jpeg,they are studying to be a computer engineer i'm studying to be a nurse
210605,training/memes/210605.jpeg,a cartoon of a woman in a hard hat and a man in a hard hat
210606,training/memes/210606.jpeg,a close up of a person holding a tissue paper in their hand
210607,training/memes/210607.jpeg,a picture of a man in a suit and glasses is smiling
210608,training/memes/210608.jpeg,a woman in a hat and sunglasses is holding a cell phone
210609,training/memes/210609.jpeg,a woman standing in front of a red wall with a caption saying i always ask the guys
210610,training/memes/210610.jpeg,a bear that is sitting on a rock with a caption saying i completely subscribe to gender
210611,training/memes/210611.jpeg,a cartoon of a woman with a beard and a man with a beard
210612,training/memes/210612.jpeg,arafed image of a man standing on stage with a microphone and a camera
210613,training/memes/210613.jpeg,a picture of a group of people standing around a poster
210614,training/memes/210614.jpeg,a man with a mustache and mustache mustaches is pointing at something
210615,training/memes/210615.jpeg,a cartoon drawing of a man sitting in a chair with a laptop
210616,training/memes/210616.png,there is a woman that is sitting down smoking a cigarette
210617,training/memes/210617.jpeg,"a close up of a baby yodah with a caption that reads, me ten minutes"
210618,training/memes/210618.jpeg,a cartoon of a man in a sailor hat talking to a woman
210619,training/memes/210619.jpeg,a close up of a penguin sitting on a chair with a banana
210620,training/memes/210620.jpeg,a close up of a sign with a person and a person with a red cross
210621,training/memes/210621.jpeg,arafed girl and guy are holding hands and a girl is holding a boy
210622,training/memes/210622.jpeg,a picture taken from a picture of a giraffe sitting on a tree
210623,training/memes/210623.jpeg,a man with a tissue on his face and a tissue in his hand
210624,training/memes/210624.jpeg,there is a picture of a person holding a wallet with a picture of a girl
210625,training/memes/210625.jpeg,a woman with long hair and a funny expression on her face
210626,training/memes/210626.jpeg,arafed woman with a green shirt holding a hair brush
210627,training/memes/210627.jpeg,a bear that is sitting on a log with a caption saying girlfriend and i have been having
210628,training/memes/210628.jpeg,a man with a red shirt and a black and white picture of a woman with a red shirt
210629,training/memes/210629.jpeg,a woman and a man are sitting down and talking to each other
210630,training/memes/210630.jpeg,three children in underwear are dancing and laughing on a dirt road
210631,training/memes/210631.jpeg,skeleton sitting on a bench waiting for my g to finish talking
210632,training/memes/210632.jpeg,a woman standing next to a man with a tattoo on his arm
210633,training/memes/210633.jpeg,a picture taken from a tv show shows a man in scrubs and a woman in scrubs
210634,training/memes/210634.jpeg,a close up of a person standing next to a woman on a cell phone
210635,training/memes/210635.jpeg,there is a girl that is smiling and holding a cell phone
210636,training/memes/210636.jpeg,a screenshot of a news page with a man in a suit and tie
210637,training/memes/210637.jpeg,a close up of a person wearing a jacket and tie
210638,training/memes/210638.jpeg,a woman holding her head in her hands and looking at the camera
210639,training/memes/210639.jpeg,cartoon of a man sitting on a chess board with a laptop
210640,training/memes/210640.jpeg,there is a poster with a picture of a star in the sky
210641,training/memes/210641.jpeg,a picture taken from a computer screen of a man sitting at a table with a book and a
210642,training/memes/210642.jpeg,arafed man with a sad expression on his face and a caption that reads when you
210643,training/memes/210643.jpeg,arafed picture of a white cat sitting on a chair with its paws up
210644,training/memes/210644.jpeg,a man talking on a cell phone while holding a cell phone to his ear
210645,training/memes/210645.jpeg,a picture of a girl with long hair and a tie
210646,training/memes/210646.jpeg,arafed image of a woman with different expressions on her face
210647,training/memes/210647.jpeg,a woman in a bikini holding a cell phone up to her ear
210648,training/memes/210648.jpeg,a close up of a child writing on a blackboard with a caption
210649,training/memes/210649.jpeg,arafed to take his girl out subscribed to multiple females onyanso
210650,training/memes/210650.jpeg,a woman with a funny expression on her face saying you didn't fix the problem oh wait
210651,training/memes/210651.jpeg,there are two men fighting with lightsabers in the dark
210652,training/memes/210652.jpeg,there are two pictures of a girl and a man with guns
210653,training/memes/210653.jpeg,a cartoon drawing of a man and woman with different facial expressions
210654,training/memes/210654.jpeg,a cartoon picture of a woman and a man with a beard and a girl with a beard
210655,training/memes/210655.jpeg,there are a lot of people that are standing in line
210656,training/memes/210656.jpeg,a cartoon drawing of a man with a beard and a woman with a ponytail
210657,training/memes/210657.jpeg,a cartoon drawing of two men and a woman with a beard
210658,training/memes/210658.jpeg,two pictures of a woman in a pink dress and a man in a yellow suit
210659,training/memes/210659.jpeg,a picture of a picture of a man with a beard and a shoe
210660,training/memes/210660.png,a cartoon drawing of a man with a beard and a woman with a beard
210661,training/memes/210661.jpeg,a picture of a picture of a person with a purple mask and a purple mask
210662,training/memes/210662.jpeg,a cartoon drawing of a man with a light saber and a woman with a beard
210663,training/memes/210663.jpeg,a picture of a picture of a bug and a picture of a man
210664,training/memes/210664.jpeg,a cartoon of a bunch of people with different faces
210665,training/memes/210665.png,a close up of a person on a cell phone with a picture of a girl
210666,training/memes/210666.jpeg,a cartoon picture of a girl and a guy with a pentagram
210667,training/memes/210667.jpeg,a cartoon picture of a bunch of people with different expressions
210668,training/memes/210668.jpeg,a cartoon of a woman and a man with different facial expressions
210669,training/memes/210669.jpeg,a cartoon picture of a girl with a blue hair and a guy with a white shirt and a
210670,training/memes/210670.png,a cartoon picture of a man and woman with a box of cereal
210671,training/memes/210671.png,a cartoon drawing of a man and woman with different facial expressions
210672,training/memes/210672.jpeg,a picture of a woman in a pink dress and a man in a black suit and a man
210673,training/memes/210673.jpeg,a man and woman are smiling and posing for a picture
210674,training/memes/210674.jpeg,a close up of a car with a woman standing next to it
210675,training/memes/210675.jpeg,a picture of a woman in a hat and a man in a suit
210676,training/memes/210676.jpeg,a close up of a person with a curly hair and a suit
210677,training/memes/210677.jpeg,a woman in a black dress holding a knife and a cookie
210678,training/memes/210678.jpeg,a close up of a couple of dolls with a man kissing them
210679,training/memes/210679.jpeg,a picture of a man with a tattoo on his arm and a caption of a man with
210680,training/memes/210680.jpeg,a man and woman looking at a computer screen with a caption saying gets reddit gold calls
210681,training/memes/210681.jpeg,a man talking on a cell phone with a caption of she can't be a gold
210682,training/memes/210682.jpeg,a man sitting on top of a red sports car next to a lake
210683,training/memes/210683.png,a woman with a head band talking to a man in a yellow jacket
210684,training/memes/210684.jpeg,a cartoon of a man and woman talking to each other
210685,training/memes/210685.jpeg,a woman is talking to a child who is holding a banana
210686,training/memes/210686.jpeg,a close up of a person in a suit with a caption of a man in a suit
210687,training/memes/210687.jpeg,a cartoon picture of a man and woman in a ballroom
210688,training/memes/210688.png,arafed woman with a motorcycle in front of a gold digger
210689,training/memes/210689.png,araffe with a hat on its head and a caption that reads when you finally catch
210690,training/memes/210690.jpeg,"a cartoon drawing of a guy with a caption saying, let me grab them cheeks i love"
210691,training/memes/210691.jpeg,a close up of a bird flying over a body of water
210692,training/memes/210692.jpeg,a close up of a person in a suit and tie making a funny face
210693,training/memes/210693.jpeg,a cartoon picture of a man with a hand up in the air
210694,training/memes/210694.jpeg,a cartoon of a series of comics with a man and woman
210695,training/memes/210695.jpeg,a cartoon of a man flying through the air with a kite
210696,training/memes/210696.jpeg,a comic strip with a picture of a man and woman talking to each other
210697,training/memes/210697.jpeg,a close up of a person in a suit pointing at something
210698,training/memes/210698.jpeg,a cartoon of a woman and a girl are flying in the sky
210699,training/memes/210699.jpeg,there is a dog that is sitting in front of a table
210700,training/memes/210700.jpeg,a man with long hair and a beard smiles while talking on a cell phone
210701,training/memes/210701.jpeg,cartoon of a woman in uniform holding a gun and a sign
210702,training/memes/210702.png,"a cartoon picture of a pony with a sad face and a caption saying,'harmony?"
210703,training/memes/210703.jpeg,a close up of a woman with a cell phone in her hand
210704,training/memes/210704.png,arafed woman with dreadlocks sitting in front of a red wall
210705,training/memes/210705.jpeg,batman slapping a woman in a yellow shirt with a speech bubble above her
210706,training/memes/210706.jpeg,a woman with dreadlocks and a hat is looking up at the sky
210707,training/memes/210707.jpeg,a woman with power tough alone ruthless frigid
210708,training/memes/210708.png,a man sitting at a table with a beer bottle and a sign that says i don't
210709,training/memes/210709.jpeg,araffed image of a woman in a red dress singing into a microphone
210710,training/memes/210710.jpeg,a cartoon girl with blonde hair and a ponytail is smiling
210711,training/memes/210711.jpeg,three little boys in underwear are dancing in the dirt
210712,training/memes/210712.jpeg,a close up of a toy figure with a green handle
210713,training/memes/210713.jpeg,a cartoon picture of a person sitting on top of a purple elephant
210714,training/memes/210714.jpeg,a woman in a white shirt and black pants standing in front of a fence
210715,training/memes/210715.png,a man in glasses and a tie is staring at the camera
210716,training/memes/210716.jpeg,a woman with dreads and a hat on sitting in front of a crowd
210717,training/memes/210717.jpeg,a picture of a picture of a man in a gold suit and a picture of a man in
210718,training/memes/210718.jpeg,a woman in a black shirt and blue pants holding a pink object
210719,training/memes/210719.jpeg,someone is getting a tooth check from a woman who is laying on a bed
210720,training/memes/210720.jpeg,there is a dog that is sitting on a blue and white background
210721,training/memes/210721.jpeg,a close up of a person holding a map and looking through binoculars
210722,training/memes/210722.jpeg,a close up of a person wearing jeans with different types of jeans
210723,training/memes/210723.jpeg,arafed guy gets photograph of his hips that same guy when he gets turned into a me
210724,training/memes/210724.jpeg,a woman with the largest hips in the world is on the stairs
210725,training/memes/210725.jpeg,a cartoon picture of a man and a rabbit with glasses on
210726,training/memes/210726.jpeg,"arafed man holding a bone in his hands with a caption that reads, so sad"
210727,training/memes/210727.jpeg,obama and biden obama are talking to each other
210728,training/memes/210728.jpeg,a woman in a pink shirt is speaking into a microphone
210729,training/memes/210729.jpeg,a close up of a person holding a cell phone with a caption
210730,training/memes/210730.jpeg,"arafed man in a suit sitting on a couch with a caption that reads, you"
210731,training/memes/210731.jpeg,there are two women that are driving in the same car
210732,training/memes/210732.jpeg,"a diagram of a woman's life with the words, it's okay to hit a"
210733,training/memes/210733.png,a picture of a man in a chair with a caption saying that he is a bad thing
210734,training/memes/210734.jpeg,a bird that is standing on the grass with a carrot in its mouth
210735,training/memes/210735.png,a cartoon spongebob with big eyes and a yellow shirt
210736,training/memes/210736.jpeg,arafed man driving a car with a caption that reads that face i make when women
210737,training/memes/210737.jpeg,a cartoon sponge with a knife in his hand and a caption that says there is no wall
210738,training/memes/210738.jpeg,a couple of pictures of a woman and a cat with caption
210739,training/memes/210739.jpeg,a woman with long hair smiles while sitting on a couch
210740,training/memes/210740.jpeg,arafed woman with a pink shirt and a black jacket
210741,training/memes/210741.jpeg,a picture of a man in a red shirt is pointing at a bird
210742,training/memes/210742.jpeg,a woman and a child are talking to each other
210743,training/memes/210743.jpeg,araffes meme of a woman screaming at her mom and her son
210744,training/memes/210744.jpeg,woman with dreadlocks and a hat with the words equal pay and rights except men can '
210745,training/memes/210745.jpeg,a cartoon picture of a woman with a beard and a man with a beard
210746,training/memes/210746.jpeg,a couple of people that are sitting down with wine glasses
210747,training/memes/210747.png,panda bear sitting on its hind legs with a toothbrush in its paws
210748,training/memes/210748.jpeg,a man with long hair and a beard is talking on a cell phone
210749,training/memes/210749.jpeg,a man with a mustache and mustache mustaches is looking at the camera
210750,training/memes/210750.jpeg,a man with a funny expression on his face and a woman with a tie
210751,training/memes/210751.jpeg,a man with a beard and a beardlock smiling and wearing a shirt
210752,training/memes/210752.jpeg,a cartoon of a woman sitting on a bed with a man sitting on the bed
210753,training/memes/210753.jpeg,araff meme of a white cat with a caption of a woman
210754,training/memes/210754.jpeg,"a man in a leather jacket with a text that reads, girl punches me men don't"
210755,training/memes/210755.jpeg,a woman in pink jacket texting on her cell phone
210756,training/memes/210756.jpeg,a close up of two pictures of a man with a smile
210757,training/memes/210757.jpeg,a man in a red cape holding a sword and yelling
210758,training/memes/210758.jpeg,arafed man in a suit sitting at a table with a beer
210759,training/memes/210759.jpeg,a cartoon picture of a bear with a bow tie and a tuxedo
210760,training/memes/210760.png,cartoon of a star wars character with a helmet and a pig
210761,training/memes/210761.jpeg,a cartoon picture of a man with a purple shirt and a purple shirt
210762,training/memes/210762.jpeg,a close up of a person laughing with a caption of honey
210763,training/memes/210763.jpeg,"cartoon, memes, and when the mom thinks she's going to eat me when my"
210764,training/memes/210764.jpeg,there are two people sitting at a table with a bear
210765,training/memes/210765.png,there is a bear that is wearing headphones on a phone
210766,training/memes/210766.jpeg,a close up of a child in a car seat with a caption of honey no
210767,training/memes/210767.jpeg,someone is holding a bottle of hand soap in their hand
210768,training/memes/210768.jpeg,a cartoon bear with a fire in the background saying when she spreads her legs and she's
210769,training/memes/210769.jpeg,a close up of a bee with a beehit on it's back
210770,training/memes/210770.png,a close up of a cartoon of a woman with a knife
210771,training/memes/210771.jpeg,a close up of a cartoon character with a sign in front of him
210772,training/memes/210772.jpeg,anime guy with white hair and a beard and a purple jacket
210773,training/memes/210773.jpeg,a cartoon drawing of a woman and a dog with the capt true love
210774,training/memes/210774.png,there is a picture of a badger that is eating a snake
210775,training/memes/210775.jpeg,arafed man talking on a phone while a woman talks on a phone
210776,training/memes/210776.jpeg,a close up of a person wearing glasses and a sweater
210777,training/memes/210777.jpeg,someone is holding a llama and a man is standing next to it
210778,training/memes/210778.jpeg,there are two pictures of a man and woman sleeping together
210779,training/memes/210779.png,there is a man in a suit and tie with a cane
210780,training/memes/210780.jpeg,a picture taken from a facebook page of a man and woman
210781,training/memes/210781.jpeg,"a couple of people sitting on a couch with a text that reads, oh, freck"
210782,training/memes/210782.jpeg,a woman with long hair and a black top is standing in front of a window
210783,training/memes/210783.jpeg,"a picture of a man in a suit and tie with a caption saying,'cool spider"
210784,training/memes/210784.jpeg,a picture of a man holding a sign that says husband
210785,training/memes/210785.jpeg,a close up of a person in a suit with a drink
210786,training/memes/210786.jpeg,there is a toy man holding a large pencil with a caption on it
210787,training/memes/210787.jpeg,a man in a robe holding a glass of milk
210788,training/memes/210788.jpeg,arafed woman sitting in a chair with a man in the background
210789,training/memes/210789.jpeg,a woman yelling with her mouth open while holding a cell phone
210790,training/memes/210790.png,there is a man laying in a hospital bed with a mask on
210791,training/memes/210791.jpeg,a close up of a person with a bird on their shoulder
210792,training/memes/210792.jpeg,someones i wonder how i put up with you but then i remember that you put up with
210793,training/memes/210793.jpeg,"smiling woman in glasses sitting in kitchen with text that reads, me waiting for my husband to see"
210794,training/memes/210794.jpeg,there is a woman that is sitting on a bed with a caption
210795,training/memes/210795.jpeg,araffes are the best friends for a woman
210796,training/memes/210796.jpeg,a close up of a person holding a medal with flowers
210797,training/memes/210797.jpeg,a man in a scarf and a black jacket is looking at something
210798,training/memes/210798.jpeg,a close up of a person laying on a bed with a text on it
210799,training/memes/210799.jpeg,a cartoon of a man in a crown and a woman with a bunch of kids
210800,training/memes/210800.jpeg,a woman in a black shirt is looking at a man in a blue shirt
210801,training/memes/210801.jpeg,a man sitting in a chair with a note in his hand
210802,training/memes/210802.jpeg,a group of men in suits standing next to each other
210803,training/memes/210803.jpeg,a girl with a green shirt and a pink flower in her hair
210804,training/memes/210804.jpeg,a woman in a red shirt smiles and looks at the camera
210805,training/memes/210805.png,a man in a suit sitting in a chair with a finger on his lips
210806,training/memes/210806.jpeg,"a woman is kissing a brain with a caption that reads, a sinexual is one"
210807,training/memes/210807.jpeg,there is a woman that is standing in front of a mirror
210808,training/memes/210808.jpeg,a man in a suit and tie standing in a room with a woman
210809,training/memes/210809.jpeg,"arafed man in a suit adjusting his tie with a caption that reads, you hate"
210810,training/memes/210810.jpeg,arafed boy in a hat with a peace sign and a caption that says hate women
210811,training/memes/210811.jpeg,a cartoon picture of a pikachu with a caption saying feminist i hate men men i
210812,training/memes/210812.jpeg,a picture of a poster with a picture of a muppet
210813,training/memes/210813.jpeg,a close up of a man in a shirt and tie with a quote on it
210814,training/memes/210814.jpeg,four different pictures of a man and woman with different expressions
210815,training/memes/210815.jpeg,a picture of a man with a beard and glasses in a room with a computer
210816,training/memes/210816.jpeg,a woman in a red bandana is holding a cigarette
210817,training/memes/210817.jpeg,imagine there's no women - imagine there's no women john lennon
210818,training/memes/210818.jpeg,a woman talking to another woman about being a girl friend
210819,training/memes/210819.png,a man sitting in a chair with a microphone and a caption that reads me posts me to
210820,training/memes/210820.jpeg,a cartoon picture of a man holding a box of donuts
210821,training/memes/210821.jpeg,a group of people sitting on a deck near the ocean
210822,training/memes/210822.jpeg,a cartoon of a comic strip with a man standing on a cliff
210823,training/memes/210823.jpeg,a poster with a bunch of different types of hair
210824,training/memes/210824.jpeg,arafed man with headphones pointing at the camera
210825,training/memes/210825.jpeg,woman with dreadlocks and a hat on looking up at the sky
210826,training/memes/210826.png,a close up of a person with a clown face painted on
210827,training/memes/210827.jpeg,a close up of a person with long hair and a beard
210828,training/memes/210828.jpeg,arafed image of a group of people holding hands in a basketball game
210829,training/memes/210829.jpeg,there are two kittens that are touching noses on a red blanket
210830,training/memes/210830.png,arafed man with a red tie and a white jacket and a red tie
210831,training/memes/210831.jpeg,there is a girl that is petting a dog with a stick
210832,training/memes/210832.jpeg,"cartoon of a man in a tie and a sign that says, my crush i love memes"
210833,training/memes/210833.png,true love is when you stand together even in difficult times
210834,training/memes/210834.jpeg,a bear that is sitting on a log with a caption saying i wanna break up with her
210835,training/memes/210835.jpeg,a close up of a person holding a bunch of bananas
210836,training/memes/210836.jpeg,a close up of a person holding a cell phone to their ear
210837,training/memes/210837.jpeg,a cartoon picture of a guy with a hat and a striped shirt
210838,training/memes/210838.jpeg,a man sitting at a table with a laptop and a cup of coffee
210839,training/memes/210839.png,a couple of people that are standing in a kitchen with balloons
210840,training/memes/210840.jpeg,a cartoon picture of a man in a pink space suit holding a ball
210841,training/memes/210841.jpeg,a close up of a person hugging a person in a wedding dress
210842,training/memes/210842.jpeg,an iceberg floating in the ocean with a quote on it
210843,training/memes/210843.jpeg,cartoon of a woman sitting on a couch with a cell phone in her hand
210844,training/memes/210844.png,there are two dogs that are laying down together on the floor
210845,training/memes/210845.png,a close up of a person in a red jacket with a cell phone
210846,training/memes/210846.png,a woman is laying on the ground next to a man who is laying on the ground
210847,training/memes/210847.jpeg,a close up of a cartoon picture of a woman with different expressions
210848,training/memes/210848.jpeg,there is a grumpy cat sitting on a couch with a caption
210849,training/memes/210849.jpeg,a cartoon lion sitting on the ground with his hands out and a caption of the lion
210850,training/memes/210850.jpeg,a close up of a baby on a beach with a caption of a caption
210851,training/memes/210851.png,a cartoon picture of spongebob with a caption saying i love my girlfriend
210852,training/memes/210852.jpeg,a drawing of a man and a woman with the words hate u
210853,training/memes/210853.jpeg,a cartoon drawing of a man and woman with a heart in the air
210854,training/memes/210854.jpeg,a close up of a person laying on a couch with a cell phone
210855,training/memes/210855.jpeg,there is a man sitting on a man's lap with a smile
210856,training/memes/210856.jpeg,a picture taken from a video of a girl holding a bottle of liquid
210857,training/memes/210857.jpeg,arafed woman sitting at a table with a cup of coffee
210858,training/memes/210858.jpeg,there are three pictures of a woman holding a bottle of soap
210859,training/memes/210859.jpeg,"a close up of a billboard with a sign that says,'crap both buns and eat"
210860,training/memes/210860.jpeg,a cartoon of a woman is talking to a man in a red shirt
210861,training/memes/210861.jpeg,two little girls sitting on a bed playing with a remote
210862,training/memes/210862.jpeg,a woman is holding a man's leg while he is falling
210863,training/memes/210863.png,there is a woman and a man that are both wearing different outfits
210864,training/memes/210864.jpeg,a man in a sweater vest and a sweater vest with a quote on it
210865,training/memes/210865.jpeg,arafed picture of a frog with a cigarette and a quote
210866,training/memes/210866.jpeg,a close up of a person wearing a hat and a bow tie
210867,training/memes/210867.jpeg,a close up of a person with a text on a cell phone
210868,training/memes/210868.jpeg,cartoon of a woman and a man with glasses and a red sweater
210869,training/memes/210869.png,a close up of a person with a surprised look on their face
210870,training/memes/210870.jpeg,a close up of a person holding a sword and a woman with a gun
210871,training/memes/210871.jpeg,a cartoon picture of a woman with a surprised look on her face
210872,training/memes/210872.jpeg,a close up of a man with a dog in a room
210873,training/memes/210873.jpeg,a woman with a funny expression on her face saying getting killed by a man don't by
210874,training/memes/210874.jpeg,a close up of a person holding a hand on top of a head
210875,training/memes/210875.jpeg,a woman holding a baseball bat in her hand and smiling
210876,training/memes/210876.jpeg,a close up of a person holding a sign with a picture of a frog
210877,training/memes/210877.jpeg,"a picture taken from a video of a man with a text that reads, women get preps"
210878,training/memes/210878.jpeg,a woman holding a baby yodah with a light saber in her hand
210879,training/memes/210879.jpeg,a close up of a person with a blue shirt and a text
210880,training/memes/210880.jpeg,"a cartoon picture of a man with a red button and a caption that says,'i"
210881,training/memes/210881.jpeg,a close up of a statue of jesus giving a thumbs up
210882,training/memes/210882.jpeg,a woman in wonder wonder wonder wonder wonder wonder wonder wonder wonder wonder wonder wonder wonder wonder wonder wonder
210883,training/memes/210883.jpeg,a woman holding a giant alien with a man in the background
210884,training/memes/210884.jpeg,a black and white photo of a group of women with a ladder
210885,training/memes/210885.jpeg,a picture taken from a video of a man holding a cell phone
210886,training/memes/210886.jpeg,a close up of a person holding a gun with a caption
210887,training/memes/210887.jpeg,a bunch of pictures of a man with different facial expressions
210888,training/memes/210888.jpeg,they are in bed with a woman and a man who are not talking
210889,training/memes/210889.jpeg,yoda meme - mmm kill women i must
210890,training/memes/210890.jpeg,a close up of a person in a suit and tie with a caption
210891,training/memes/210891.jpeg,a close up of a raccoon with a caption of kill all men on earth and
210892,training/memes/210892.jpeg,a man with a beard and a beardlock in the sand
210893,training/memes/210893.jpeg,arafed woman and man in a kitchen with bananas on a stick
210894,training/memes/210894.jpeg,a close up of two pictures of a person holding a baby
210895,training/memes/210895.jpeg,araffer a long day of being told how to do her job
210896,training/memes/210896.jpeg,a close up of a man in a suit and tie with a note on his forehead
210897,training/memes/210897.jpeg,there is a unicorn that is flying over a rainbow
210898,training/memes/210898.jpeg,a cartoon picture of a woman crying and a man crying
210899,training/memes/210899.jpeg,a close up of a cat sitting on a couch with a caption
210900,training/memes/210900.png,a cartoon picture of a pikachu with a hat on
210901,training/memes/210901.jpeg,a close up of a man with glasses and a tank top
210902,training/memes/210902.png,a close up of a person in a costume with a caption
210903,training/memes/210903.jpeg,a woman in a suit sitting down with her hand on her chin
210904,training/memes/210904.jpeg,a close up of a person wearing a helmet with a red background
210905,training/memes/210905.jpeg,a woman standing on a deck with a man standing next to her
210906,training/memes/210906.jpeg,a man in a suit sitting down with a beer bottle
210907,training/memes/210907.jpeg,a close up of a person holding up a hand with a caption
210908,training/memes/210908.jpeg,a woman holding a baseball bat on top of a field
210909,training/memes/210909.jpeg,a woman is laying in the water with a lot of trash
210910,training/memes/210910.jpeg,a woman is talking to a man about a software license agreement
210911,training/memes/210911.jpeg,a woman in jeans and a pink shirt is holding a bag of garbage
210912,training/memes/210912.jpeg,there is a woman that is standing in the dirt talking on her cell phone
210913,training/memes/210913.jpeg,a close up of a dog and a cat with caption of a country singer
210914,training/memes/210914.png,several pictures of a man and woman with a cup of beer
210915,training/memes/210915.jpeg,arafed man in a suit pointing at the camera with a caption in the middle
210916,training/memes/210916.jpeg,"a man in a shirt and tie crying with a caption saying, a feminist on the internet"
210917,training/memes/210917.jpeg,a picture of a man in a suit talking to another man
210918,training/memes/210918.jpeg,a woman in a black dress and a man in a suit and tie
210919,training/memes/210919.jpeg,there are two people that are kissing each other at a concert
210920,training/memes/210920.png,a woman with glasses is holding up a sign that says has phd in the subject you're
210921,training/memes/210921.jpeg,arafed man sitting on a couch with a cup of coffee in his hand
210922,training/memes/210922.jpeg,arafed woman sitting in a stadium with a man and a woman
210923,training/memes/210923.jpeg,a cartoon of a man and woman standing next to each other
210924,training/memes/210924.jpeg,there is a woman sitting on a bed with a man in the background
210925,training/memes/210925.jpeg,a cartoon picture of a man with a sword and a woman with a sword
210926,training/memes/210926.jpeg,a woman in a suit and tie standing next to a man in a suit
210927,training/memes/210927.jpeg,a close up of two men sitting next to each other with a caption
210928,training/memes/210928.jpeg,a cartoon picture of a man in a red shirt with a white glove on
210929,training/memes/210929.jpeg,a man with a pink shirt and a white shirt with the words map of a mansplaine
210930,training/memes/210930.png,araffictional image of a pope waving his hand
210931,training/memes/210931.jpeg,a woman giving a thumbs up while speaking into a microphone
210932,training/memes/210932.jpeg,a close up of a person wearing a hat and a purple jacket
210933,training/memes/210933.jpeg,a close up of a person wearing a hat and a purple jacket
210934,training/memes/210934.jpeg,a cartoon picture of a man and woman sitting on a chair
210935,training/memes/210935.jpeg,araffes woman sitting on a train seat with a cell phone
210936,training/memes/210936.jpeg,arafed man climbing up a flight of stairs with a laptop
210937,training/memes/210937.jpeg,a picture of a woman is sitting in a chair and a man is standing next to her
210938,training/memes/210938.jpeg,arafed man laying on a couch with a dog on his lap
210939,training/memes/210939.jpeg,a close up of a person with clown makeup and clown makeup
210940,training/memes/210940.jpeg,arafson man sitting on a train looking at his cell phone
210941,training/memes/210941.jpeg,arafed man with a beard and a white shirt is holding a microphone
210942,training/memes/210942.jpeg,a close up of a swing with a chain on it
210943,training/memes/210943.jpeg,a close up of a person standing in front of a clock
210944,training/memes/210944.jpeg,a cartoon image of a robot with a caption saying feminists when some guy spreads out his
210945,training/memes/210945.jpeg,araffed image of a man in a suit and sunglasses with a caption that reads
210946,training/memes/210946.jpeg,a picture of a man sitting in a chair with a caption of a picture of him
210947,training/memes/210947.jpeg,a man sitting on a subway holding a cell phone
210948,training/memes/210948.jpeg,a cartoon picture of a man giving a woman a hug
210949,training/memes/210949.jpeg,"a cartoon picture of a woman sitting on a chair with a sign that says, the end of"
210950,training/memes/210950.jpeg,a picture of a man in a top hat and a beard
210951,training/memes/210951.jpeg,a woman with glasses and a pink shirt is holding her hand up
210952,training/memes/210952.jpeg,a woman with dreadlocks and glasses sitting in front of a crowd
210953,training/memes/210953.jpeg,a close up of a person with a hat on and a caption
210954,training/memes/210954.jpeg,a man with long hair and a beard is talking on a cell phone
210955,training/memes/210955.jpeg,a man with a beard and a white robe is standing in front of a beach
210956,training/memes/210956.jpeg,a man in a tie and suspends holding a cup of coffee
210957,training/memes/210957.jpeg,a picture of a woman with a beard and a man with a beard and a girl with a
210958,training/memes/210958.png,a cartoon picture of a woman's face with a caption of the words guy logic
210959,training/memes/210959.jpeg,a cartoon of a man with a beard and a beard in a black shirt
210960,training/memes/210960.png,a cartoon drawing of a woman with a red hair and a man with glasses
210961,training/memes/210961.jpeg,a pie chart with a pie chart of what men do after orgasm
210962,training/memes/210962.jpeg,a picture taken from a facebook page of a woman eating women's men
210963,training/memes/210963.jpeg,a cartoon of a woman and a man are packing items
210964,training/memes/210964.jpeg,a cartoon of a man and woman talking to each other
210965,training/memes/210965.jpeg,a woman holding a bottle of soap and a man holding a bottle of soap
210966,training/memes/210966.jpeg,there is a sign that says exploration and a picture of a sky
210967,training/memes/210967.jpeg,a cartoon of a man is in bed with a pillow and a pillow
210968,training/memes/210968.jpeg,a cartoon picture of a woman with a funny face and a bunch of different expressions
210969,training/memes/210969.jpeg,a close up of a person in a dress on a cell phone
210970,training/memes/210970.jpeg,a picture of a picture of a man's face and a woman's face with a
210971,training/memes/210971.png,a woman in a purple shirt standing in front of a rack of clothes
210972,training/memes/210972.jpeg,a cartoon of a woman holding a knife and a man with a knife in his hand
210973,training/memes/210973.jpeg,a cartoon drawing of a rainbow and a rainbow - colored cat
210974,training/memes/210974.jpeg,"araffe woman with dreadlocks and a hat with a caption saying, thinks men"
210975,training/memes/210975.jpeg,a cartoon of a woman yelling at a man with a stick
210976,training/memes/210976.jpeg,a close up of a poster with a person holding a phone
210977,training/memes/210977.jpeg,a cartoon drawing of a man eating a banana next to another man
210978,training/memes/210978.jpeg,a cartoon of a woman sitting on a couch with pillows on it
210979,training/memes/210979.jpeg,a cartoon picture of two people shaking hands with a pig
210980,training/memes/210980.jpeg,a drawing of a man's face with different expressions
210981,training/memes/210981.jpeg,a close up of a person with dreads and a hat
210982,training/memes/210982.jpeg,a cartoon picture of a woman sitting on a couch with a man in the background
210983,training/memes/210983.jpeg,arafed man smiling with a caption of a woman is mad at me she must be
210984,training/memes/210984.jpeg,a bunch of different pictures of a woman with a red eye
210985,training/memes/210985.jpeg,a picture contain of a group of men playing a game of chess
210986,training/memes/210986.jpeg,a cartoon of a woman's face with a list of women in different states
210987,training/memes/210987.jpeg,they are sleeping in bed with a woman and a man
210988,training/memes/210988.jpeg,arafed man sitting on a bench with a woman who is holding him
210989,training/memes/210989.jpeg,a cartoon of a man and woman working on a brick wall
210990,training/memes/210990.jpeg,cartoon of a couple of people with a heart on their chest
210991,training/memes/210991.jpeg,a close up of a person wearing a helmet with a cell phone
210992,training/memes/210992.jpeg,a cartoon drawing of two women and a man with a beard
210993,training/memes/210993.jpeg,there are two men in a pool with a dog in it
210994,training/memes/210994.jpeg,arafed image of a man and a woman sitting at a desk
210995,training/memes/210995.jpeg,a woman laying in bed with a man kissing her cheek
210996,training/memes/210996.jpeg,there is a man in a tuxedo smoking a pipe
210997,training/memes/210997.jpeg,a woman helps a man get his arm around her
210998,training/memes/210998.jpeg,a screenshot of a skeleton with a tweet on it
210999,training/memes/210999.jpeg,a picture taken on twitter of a young man with a headband on
211000,training/memes/211000.jpeg,a couple of pictures of women standing next to each other
211001,training/memes/211001.jpeg,arafed image of a man in a suit and tie walking down a street
211002,training/memes/211002.jpeg,a cartoon drawing of a woman and a man with different facial expressions
211003,training/memes/211003.jpeg,a cartoon drawing of a woman with a beard and a man with a beard
211004,training/memes/211004.jpeg,arafed woman sitting on a kitchen floor with a cup of coffee
211005,training/memes/211005.jpeg,there are two pictures of a woman in a pink car and a bear
211006,training/memes/211006.jpeg,a woman in a red bandana is posing for a picture
211007,training/memes/211007.jpeg,a close up of a person driving a car with a caption in the middle
211008,training/memes/211008.jpeg,a screenshot of a man and woman talking to each other
211009,training/memes/211009.jpeg,a woman with red hair and glasses is talking to a camera
211010,training/memes/211010.jpeg,a close up of a person with a flower in their hand
211011,training/memes/211011.jpeg,arafed man with headphones on and a white tank top
211012,training/memes/211012.jpeg,there are two women sitting at a table talking to each other
211013,training/memes/211013.jpeg,a woman sitting next to a man who is holding a flower
211014,training/memes/211014.jpeg,a dog with a caption saying the negative effect of patriarch on men is not misaddy
211015,training/memes/211015.jpeg,there is a woman that is sitting on a couch with a cell phone
211016,training/memes/211016.jpeg,a picture of a barbie doll and a man in a blue outfit
211017,training/memes/211017.jpeg,they are standing in a hallway with a mirror and a man in a suit
211018,training/memes/211018.jpeg,a cartoon picture of a maleficent with a smile on his face
211019,training/memes/211019.jpeg,a cartoon drawing of two people with glasses and a man with a beard
211020,training/memes/211020.jpeg,two pictures of a little girl and a little boy playing in a public bathroom
211021,training/memes/211021.jpeg,a woman holding up two signs with the words autism and my mum
211022,training/memes/211022.jpeg,a man with a beard and a blue shirt is standing in front of a picture of a demon
211023,training/memes/211023.jpeg,a woman in a fur coat is sitting on a couch
211024,training/memes/211024.jpeg,araffe with a mustache on his face and a cat with a bow tie
211025,training/memes/211025.png,there are two people on the beach with a man laying on the sand
211026,training/memes/211026.jpeg,arafed man is being helped to a woman by a woman
211027,training/memes/211027.jpeg,arafed woman sitting at a table with a man in a restaurant
211028,training/memes/211028.jpeg,a cartoon drawing of a woman in a bikini and a man in a suit
211029,training/memes/211029.jpeg,a series of pictures of a woman and a man with different expressions
211030,training/memes/211030.jpeg,"a bear is sitting on a log with a caption saying, most of my friends are women"
211031,training/memes/211031.jpeg,a woman talking to a man in a store with a speech bubble
211032,training/memes/211032.jpeg,a woman in a black jacket and a man in a gray shirt
211033,training/memes/211033.jpeg,a cartoon picture of a woman with a sword and shield in front of a group of men
211034,training/memes/211034.jpeg,there is a man holding a mango in his hand in a classroom
211035,training/memes/211035.jpeg,a picture of a woman sitting on a couch next to a man
211036,training/memes/211036.jpeg,"a woman with a bun in her hair and a caption that reads, most men don '"
211037,training/memes/211037.jpeg,arafed man in a blue shirt and tie holding a white board with a sign that says
211038,training/memes/211038.jpeg,a cartoon picture of a man eating a plate of food
211039,training/memes/211039.jpeg,a cartoon picture of a man and woman in a wedding dress
211040,training/memes/211040.jpeg,"cartoon of a cat with a scarf on its head and a caption that reads, big leak"
211041,training/memes/211041.jpeg,they are sitting on a bench with a heart shaped pillow
211042,training/memes/211042.jpeg,a close up of a person wearing glasses and a suit
211043,training/memes/211043.jpeg,a close up of a poster with a picture of a man and woman
211044,training/memes/211044.jpeg,a series of photos of a man with a hat and a gun
211045,training/memes/211045.jpeg,a painting of a man with a mustache and a crown on his head
211046,training/memes/211046.jpeg,a map of europe with a picture of a man in a hat and a map of europe with
211047,training/memes/211047.jpeg,a man driving a car with a woman driving in the back seat
211048,training/memes/211048.jpeg,blonde woman with long hair in red tank top posing for a picture
211049,training/memes/211049.jpeg,they are all laughing and posing for a picture together
211050,training/memes/211050.jpeg,arafed woman holding a cup of coffee and a cup of coffee
211051,training/memes/211051.jpeg,a close up of a toy of a snowman with a top hat
211052,training/memes/211052.jpeg,woman sitting on a couch holding a cell phone in her hand
211053,training/memes/211053.jpeg,a cartoon picture of a woman with a short haircut and a black top
211054,training/memes/211054.jpeg,a woman sitting at a table with a book and a banana
211055,training/memes/211055.jpeg,a close up of two photos of a woman in a bed
211056,training/memes/211056.jpeg,a picture of a cartoon pirate with a beard and a hat
211057,training/memes/211057.jpeg,a close up of two pictures of a woman holding a cup
211058,training/memes/211058.jpeg,a collage of photos of women with different expressions and words
211059,training/memes/211059.jpeg,arafed woman in a blue shirt is looking at her face in a mirror
211060,training/memes/211060.jpeg,arafed man sitting at a table with a beer bottle in his hand
211061,training/memes/211061.jpeg,"arafed chihuahua dog with a caption saying, me i need more sleep me at 3a"
211062,training/memes/211062.jpeg,a woman laying on a couch with a pillow and a cup of coffee
211063,training/memes/211063.jpeg,arafed little girl in a red cape holding a yellow bottle
211064,training/memes/211064.jpeg,a woman sitting on a bench with a caption saying it's that time of the month
211065,training/memes/211065.jpeg,cartoon of a man with a mustache and a mustache in a white shirt
211066,training/memes/211066.jpeg,smiling man with a purple shirt and a purple background with a purple border
211067,training/memes/211067.jpeg,a picture of a poster with a pie chart and a pie chart
211068,training/memes/211068.jpeg,arafed woman in pink shirt with text that reads when you realize that most women are sexually
211069,training/memes/211069.jpeg,there is a woman standing in front of a mirror brushing her hair
211070,training/memes/211070.jpeg,a cartoon drawing of a woman with a beard and a man with a beard
211071,training/memes/211071.jpeg,a woman sitting at a table with a cup of coffee in her hand
211072,training/memes/211072.png,arafed woman sitting on a couch with a bottle of wine and a stuffed animal
211073,training/memes/211073.jpeg,there is what the most beautiful girl in the world looks like
211074,training/memes/211074.jpeg,a cartoon picture of a man and a woman laying on a couch
211075,training/memes/211075.jpeg,a close up of a person with a fake face and a fake face
211076,training/memes/211076.jpeg,a cartoon picture of a spongeach with a hat and a hat on
211077,training/memes/211077.jpeg,a woman with blonde hair and a brown jacket smiles at the camera
211078,training/memes/211078.jpeg,three little kids are dancing in the dirt with a caption that says me when i see naked
211079,training/memes/211079.jpeg,a couple of pictures of a man with glasses on and a woman with glasses on
211080,training/memes/211080.jpeg,a picture of a boy with a headphone and a computer screen
211081,training/memes/211081.png,a close up of a woman with a dress on and a text that reads i am naked under
211082,training/memes/211082.jpeg,there is a woman in a red bra top and panties on a bed
211083,training/memes/211083.jpeg,a close up of a police car with a skeleton in the driver seat
211084,training/memes/211084.jpeg,arafed man holding a gun and wearing a pink shirt
211085,training/memes/211085.jpeg,there is a woman sitting at a table with a man in a suit
211086,training/memes/211086.jpeg,arafed crowd of people at a concert with a guy in a white shirt
211087,training/memes/211087.png,a woman with a shaved body standing in front of a crowd
211088,training/memes/211088.jpeg,a bear that is leaning on a tree branch with the caption of a picture of a naked
211089,training/memes/211089.jpeg,older man in military uniform with text that reads naked girls get 50 likes in 5 minutes lets see
211090,training/memes/211090.jpeg,a woman taking a selfie in a mirror with a cell phone
211091,training/memes/211091.jpeg,cartoon spongebob with a hat on his head and a caption that reads when you see
211092,training/memes/211092.jpeg,a man with long hair and a collar is staring at something
211093,training/memes/211093.jpeg,a close up of a person holding a microphone near a crowd
211094,training/memes/211094.jpeg,"a close up of a baby yoda in a jacket with a caption saying,'i"
211095,training/memes/211095.jpeg,arafed man laying on a bed with a laptop computer
211096,training/memes/211096.jpeg,a woman in a pink bikini top standing next to a pool
211097,training/memes/211097.jpeg,a cartoon picture of a girl with a robot behind her
211098,training/memes/211098.jpeg,a cartoon image of a man with his arms up in the air
211099,training/memes/211099.jpeg,a woman in a black bikini posing for a picture in a window
211100,training/memes/211100.jpeg,arafed woman laying on a bed with a white sheet and a white pillow
211101,training/memes/211101.jpeg,arafed woman in a bikini posing for a picture with a happy birthday message
211102,training/memes/211102.jpeg,a woman sticking her tongue out with a caption of a picture of a woman with a hood
211103,training/memes/211103.png,arafed girl in a blue bikini in a pool
211104,training/memes/211104.jpeg,arafed girl in a bikini with a bottle of water and a bottle of water
211105,training/memes/211105.jpeg,arafed man sitting at a desk with a computer and a laptop
211106,training/memes/211106.jpeg,there is a small animal that is laying down in the dirt
211107,training/memes/211107.jpeg,"a cartoon sponge sponge with a caption saying, when you're not in the bathroom"
211108,training/memes/211108.jpeg,arafed squirrel standing on its hind legs on a bench
211109,training/memes/211109.jpeg,three little boys in underwear are dancing in the dirt
211110,training/memes/211110.jpeg,araffe cat wearing a furry hat with its tongue out
211111,training/memes/211111.jpeg,a cartoon character sitting on a bed with a caption saying when you're waiting for the
211112,training/memes/211112.jpeg,"a cartoon character with a caption that reads, that's me naked"
211113,training/memes/211113.png,a close up of a person holding a piece of food in their hands
211114,training/memes/211114.jpeg,a cartoon picture of a man holding a gun in front of a house
211115,training/memes/211115.jpeg,winnie the pooh is looking at himself in the mirror
211116,training/memes/211116.jpeg,"anime, me when i see a naked woman"
211117,training/memes/211117.jpeg,araffe with a caption that reads carl is naked he is freezing
211118,training/memes/211118.png,arafed dog with a bat on its back and a caption that says let's
211119,training/memes/211119.jpeg,a woman in a black bikini top leaning against a wooden wall
211120,training/memes/211120.jpeg,a close up of a bathroom with a shower and a toilet
211121,training/memes/211121.jpeg,a close up of a card with a man in underwear
211122,training/memes/211122.jpeg,someone is holding a cell phone and pointing at a cartoon
211123,training/memes/211123.jpeg,a texts message from a guy who is trying to get a picture of himself
211124,training/memes/211124.jpeg,a cartoon picture of a man and a woman with a lobster on their back
211125,training/memes/211125.jpeg,a close up of a person holding a fake object in their hand
211126,training/memes/211126.jpeg,arafed man sitting in a chair with a glass of wine
211127,training/memes/211127.jpeg,morgan morgan morgan morgan morgan morgan morgan morgan morgan morgan morgan morgan morgan morgan morgan morgan morgan morgan morgan
211128,training/memes/211128.jpeg,a close up of a small animal with a caption of a caption
211129,training/memes/211129.jpeg,"a cartoon spongebob standing in the sand with a caption that reads, her i have"
211130,training/memes/211130.jpeg,there is a baby yodah that is sitting in a basket
211131,training/memes/211131.jpeg,a woman in a cardboard box is posing for a picture
211132,training/memes/211132.jpeg,there are three dogs in a box with a toy in it
211133,training/memes/211133.jpeg,arafed image of a man in an orange shirt with a caption of a man in
211134,training/memes/211134.jpeg,a close up of a car tire with a smiley face on it
211135,training/memes/211135.jpeg,a woman sitting at a table with a book and a glass of wine
211136,training/memes/211136.jpeg,a girl with a smile on her face is leaning on a railing
211137,training/memes/211137.jpeg,arafed picture of a man and woman with a child
211138,training/memes/211138.jpeg,arafed woman sitting on a bed with a lot of fake toys
211139,training/memes/211139.jpeg,a cartoon image of a woman laying in bed with a pen in her mouth
211140,training/memes/211140.jpeg,donald trump meme i don't need no man i got a degree i chose my career
211141,training/memes/211141.jpeg,a close up of a car tire with a tire tread on it
211142,training/memes/211142.jpeg,there is a sign that says man rental on the side of the road
211143,training/memes/211143.jpeg,arafed man with purple hair and glasses with a fake nose piercing
211144,training/memes/211144.jpeg,a close up of two men sitting next to each other
211145,training/memes/211145.jpeg,a woman with a hat and a baseball cap is sitting in a crowd
211146,training/memes/211146.jpeg,a woman and man standing next to each other with a bottle of water
211147,training/memes/211147.jpeg,arafious - hcc - graduation - gift - ideas - for - the - don '
211148,training/memes/211148.jpeg,arafed woman with dreadlocks and a hat with a caption saying i hate religion
211149,training/memes/211149.jpeg,a black and white photo of a woman talking on a cell phone
211150,training/memes/211150.jpeg,woman holding a cup of coffee with the words strong independent women
211151,training/memes/211151.jpeg,a cartoon of a woman kneeling on the floor with a caption saying when you can't
211152,training/memes/211152.jpeg,woman with a brown shirt and a brown necklace holding a sign
211153,training/memes/211153.jpeg,batman slapping a young boy with a comic book in his hand
211154,training/memes/211154.jpeg,arafed teddy bear sitting in a chair with a tea pot and tea pot
211155,training/memes/211155.jpeg,there is a shark that is jumping out of the water
211156,training/memes/211156.jpeg,a cartoon picture of a man with a hat and a bird with a caption saying guys online
211157,training/memes/211157.png,cartoon of a group of people talking to each other
211158,training/memes/211158.jpeg,a cartoon of a man and woman in a room with a laptop
211159,training/memes/211159.jpeg,a speech bubble with the words not all men you're right pedroo passal would never
211160,training/memes/211160.jpeg,arafed man sitting in a chair with a plate of food in his hand
211161,training/memes/211161.jpeg,there is a man that is looking at himself in the mirror
211162,training/memes/211162.jpeg,a close up of a person talking on a cell phone
211163,training/memes/211163.jpeg,arafed woman in an orange vest is talking to another woman
211164,training/memes/211164.jpeg,"a cartoon picture of a man pointing at something with a caption saying, how i wanna act"
211165,training/memes/211165.jpeg,araffes are sitting on a wire fence and looking at the camera
211166,training/memes/211166.jpeg,a cartoon of a man and woman in different scenes with a sign
211167,training/memes/211167.jpeg,there is a frog sitting on a mushroom with a quote
211168,training/memes/211168.png,a cartoon of a man with different facial expressions and a woman with different hair
211169,training/memes/211169.png,a picture of a woman with a clown face and a cartoon
211170,training/memes/211170.jpeg,a close up of a person in a red jacket with a cell phone
211171,training/memes/211171.jpeg,"a picture of a poster with the words, not all men are definitely this fucking guy"
211172,training/memes/211172.png,they are all men anyway some men are gay
211173,training/memes/211173.jpeg,a cartoon image of a man in a cave with lightning coming out of it
211174,training/memes/211174.jpeg,a cartoon of a cat and a dog are in a field
211175,training/memes/211175.jpeg,a cartoon picture of a man laughing and pointing at the camera
211176,training/memes/211176.jpeg,a cartoon comic strip with a man and a woman talking to each other
211177,training/memes/211177.jpeg,a cartoon image of a man with glasses and a red jacket
211178,training/memes/211178.jpeg,what if i told you not all older men at the gym are there to start your ass
211179,training/memes/211179.jpeg,someone is holding a bottle of pills and a hand holding a bottle of pills
211180,training/memes/211180.jpeg,a woman holding her head in her hands with a caption saying celebrate a day without women by
211181,training/memes/211181.jpeg,two pictures of a dog and a man with a phone
211182,training/memes/211182.jpeg,"there are as many roles of each sex, of every color, in every age range i guarantee"
211183,training/memes/211183.jpeg,a close up of a group of cartoon girls with a caption
211184,training/memes/211184.jpeg,two women with different expressions on their faces and one has a pink shirt
211185,training/memes/211185.jpeg,a picture taken from a facebook page shows a picture of a man in a suit and tie
211186,training/memes/211186.jpeg,a cartoon of a man and woman with different facial expressions
211187,training/memes/211187.jpeg,a close up of a person on a couch with a caption
211188,training/memes/211188.png,a close up of a person in a space suit with a cell phone
211189,training/memes/211189.jpeg,cartoon of a group of women standing next to each other with speech bubbles
211190,training/memes/211190.jpeg,a cartoon picture of a man with glasses and a tie pointing at something
211191,training/memes/211191.jpeg,arafed image of a girl with a red laser on her face
211192,training/memes/211192.jpeg,a close up of a pair of work boots with a hard hat on
211193,training/memes/211193.jpeg,a woman in a black dress is sitting down and talking to someone
211194,training/memes/211194.jpeg,a cartoon picture of a woman laying in bed with a caption of a joke
211195,training/memes/211195.jpeg,a cartoon of a man with a red button and a sign that says sew nsw
211196,training/memes/211196.jpeg,a close up of a bowl of pink liquid with a pink ribbon on it
211197,training/memes/211197.jpeg,a picture taken from a video of a man in a grey robe and hat
211198,training/memes/211198.jpeg,a woman sitting on a couch with a black bag and a white shirt
211199,training/memes/211199.png,araffe bird with a long beak and a long beak on a branch
211200,training/memes/211200.jpeg,a close up of a person in a pool with a cat
211201,training/memes/211201.jpeg,a cartoon of a comic strip with a comic strip of a man and woman sitting at a table
211202,training/memes/211202.jpeg,araffe with a caption saying when you see the body juggling in the sundre
211203,training/memes/211203.jpeg,a cartoon picture of a woman in a hoodie with a star above her head
211204,training/memes/211204.jpeg,there is a woman laying in bed with a orange and a caption that reads a new core
211205,training/memes/211205.jpeg,arafed woman sitting in a chair with a red hat on
211206,training/memes/211206.jpeg,there is a toilet with a white toilet seat and a white toilet
211207,training/memes/211207.jpeg,arafed man in a suit standing on a chair with a hand out
211208,training/memes/211208.jpeg,a cartoon picture of a man pointing at a button with a caption of the same thing
211209,training/memes/211209.jpeg,a man in a red shirt is holding a laptop and a cartoon character
211210,training/memes/211210.jpeg,a close up of a baby laying on a chair in a field
211211,training/memes/211211.jpeg,arafed image of a woman holding a glass of wine
211212,training/memes/211212.png,a cartoon image of a woman with a nose ring and a caption that reads mulan did
211213,training/memes/211213.jpeg,a man holding a gun with a fire in the air
211214,training/memes/211214.jpeg,arafed woman in a white tank top with a yellow necklace
211215,training/memes/211215.jpeg,arafed woman in a sports bra top and leggings waving
211216,training/memes/211216.jpeg,arafed woman sitting on a couch with a brick wall in the background
211217,training/memes/211217.jpeg,a picture of a viking with a long beard and a helmet on
211218,training/memes/211218.jpeg,there are 4 billion legs in between the world
211219,training/memes/211219.jpeg,a man in a black shirt is doing a trick with his legs
211220,training/memes/211220.jpeg,a skeleton sitting on a bench waiting for nude pic like
211221,training/memes/211221.jpeg,a picture of a picture of a kid laying on the beach
211222,training/memes/211222.jpeg,arafed man in the bathroom with a phone in his hand
211223,training/memes/211223.jpeg,a cartoon picture of a woman in a bikini talking to a man
211224,training/memes/211224.jpeg,"a cartoon character with a funny expression on his face and a caption that reads, is this"
211225,training/memes/211225.jpeg,a picture of a picture of a skeleton with a radiologist
211226,training/memes/211226.jpeg,arafed mom and daughter in swimsuits playing with a flower
211227,training/memes/211227.jpeg,a picture of a man doing a handstand on a wooden floor
211228,training/memes/211228.jpeg,araffe laying on a bed with its head on a pillow
211229,training/memes/211229.jpeg,a close up of a toy in a bowl with noodles and a box of noodles
211230,training/memes/211230.jpeg,there is a cat that is laying on a bed with a dog
211231,training/memes/211231.jpeg,a close up of a person in a suit pointing at something
211232,training/memes/211232.png,a cartoon image of a man in a room with a chair and a table
211233,training/memes/211233.png,arafed girl in a green bikini with a cell phone
211234,training/memes/211234.jpeg,a close up of a barbie doll with a pink dress and blue eyes
211235,training/memes/211235.jpeg,arafed dog standing in front of a mirror with a camera
211236,training/memes/211236.jpeg,a cartoon picture of a woman with a mask on and a tube attached to her nose
211237,training/memes/211237.jpeg,a man with muscles and a goat head standing in front of a purple background
211238,training/memes/211238.jpeg,araffe cat sitting on a bed with a caption of a caption
211239,training/memes/211239.jpeg,arafed image of a man in a shirt and tie with a caption saying women aren
211240,training/memes/211240.jpeg,a diagram of the different types of objects in the universe
211241,training/memes/211241.png,a close up of two pictures of a monkey with a caption of a woman
211242,training/memes/211242.png,arafective image of a man in a shirt and tie with a caption of the
211243,training/memes/211243.jpeg,a drawing of a man standing in front of a drawing of a man
211244,training/memes/211244.jpeg,a cartoon drawing of a person with a camera and a box
211245,training/memes/211245.jpeg,a woman in a black dress holding a green frog and a white box
211246,training/memes/211246.jpeg,a woman in a black dress holding a cup of coffee
211247,training/memes/211247.jpeg,a cartoon picture of a red and blue object with a caption of a person sitting in a
211248,training/memes/211248.jpeg,a close up of a dog with a stick in its mouth
211249,training/memes/211249.jpeg,"a picture of a woman holding a sign that says, would you prefer candy or a wrapper"
211250,training/memes/211250.jpeg,a close up of a person sitting at a table with a pen and paper
211251,training/memes/211251.jpeg,woman taking a selfie in a mirror with a cell phone
211252,training/memes/211252.jpeg,a woman with purple hair and hoop earrings smiles at the camera
211253,training/memes/211253.jpeg,arafed police officer standing next to a parked car with emoticions on it
211254,training/memes/211254.jpeg,a close up of two people in black clothing with a bag
211255,training/memes/211255.jpeg,there is a man in a blue and red suit holding a helmet
211256,training/memes/211256.jpeg,a close up of a person walking on a street with a pair of socks
211257,training/memes/211257.jpeg,a woman in a black bikini posing for a picture in a doorway
211258,training/memes/211258.jpeg,a poster of a man and two women with swords and a dragon
211259,training/memes/211259.jpeg,a woman with glasses and a hat on looking up at something
211260,training/memes/211260.jpeg,arafed woman with dreads and a hat on with a caption saying demands to not
211261,training/memes/211261.jpeg,arafed picture of a man in a tuxedo with a bow tie
211262,training/memes/211262.jpeg,a picture of a teacher is giving a lecture to a class of students
211263,training/memes/211263.jpeg,a cartoon drawing of a man with a beard and a woman with glasses
211264,training/memes/211264.jpeg,a picture taken from a facebook page of ariana grande and her friends
211265,training/memes/211265.jpeg,a cartoon picture of a man in a red shirt and a red button
211266,training/memes/211266.jpeg,a penguin standing on a blue and red background with the caption of a joke
211267,training/memes/211267.jpeg,a woman in a pink shirt is speaking into a microphone
211268,training/memes/211268.jpeg,cartoon of a man with a hat and a tie on
211269,training/memes/211269.jpeg,a close up of a person with a cat ear and a woman with a cat ear
211270,training/memes/211270.jpeg,a man with a white hair and glasses is looking at a video game
211271,training/memes/211271.jpeg,"a woman holding a sign that says,'oppressed'and'feminists '"
211272,training/memes/211272.png,a woman sitting on a throne with candles in front of her
211273,training/memes/211273.jpeg,arafed man sitting at a table with a sign that says change my mind
211274,training/memes/211274.jpeg,a close up of a person in a red jacket with a cell phone
211275,training/memes/211275.jpeg,a cartoon of a woman and a man with pink hair
211276,training/memes/211276.jpeg,a close up of a person with pink hair wearing glasses
211277,training/memes/211277.jpeg,a woman in a black shirt and a black hat with a white background
211278,training/memes/211278.jpeg,there are two pictures of a woman holding up signs
211279,training/memes/211279.jpeg,a cartoon of a man and woman talking to each other
211280,training/memes/211280.jpeg,"arafed man in a suit sitting on a bench with a caption saying, i think"
211281,training/memes/211281.jpeg,arafed man in a suit and tie is pointing at a fence
211282,training/memes/211282.jpeg,a cartoon man giving a thumbs up with a caption saying just a friendly reminder women are depressed
211283,training/memes/211283.jpeg,there are two pictures of a woman walking down the street
211284,training/memes/211284.jpeg,a close up of a person wearing a hat and a purple jacket
211285,training/memes/211285.jpeg,a cartoon picture of a man in ski gear standing in the snow
211286,training/memes/211286.jpeg,a picture of a man with red hair and glasses is laughing
211287,training/memes/211287.jpeg,a woman with red hair and glasses is talking on a cell phone
211288,training/memes/211288.jpeg,a woman in a brown jacket standing next to a man in a black shirt
211289,training/memes/211289.jpeg,a close up of a person wearing sunglasses and a fur coat
211290,training/memes/211290.jpeg,a woman is talking to a man who is sitting down
211291,training/memes/211291.jpeg,cartoon of a man in a military uniform is trying to get a woman out of the bed
211292,training/memes/211292.png,three women walking down a street with a man laying on the ground
211293,training/memes/211293.jpeg,cartoon of a man with glasses and a tie pointing at a butterfly
211294,training/memes/211294.jpeg,a man in a suit pointing at a woman in a chair
211295,training/memes/211295.jpeg,a close up of a person wearing a jacket and a sweater
211296,training/memes/211296.jpeg,a cartoon spongebob holding a sign with a caption saying feminists don't hate
211297,training/memes/211297.png,a close up of a man with a hat on and a caption of a joke
211298,training/memes/211298.jpeg,a close up of a woman sitting on a chair with a caption of a woman
211299,training/memes/211299.jpeg,a cartoon picture of a man with a mustache and a caption that reads me fuck the patriarch
211300,training/memes/211300.jpeg,there is a man with glasses that says hey girl let's mash patriarch
211301,training/memes/211301.jpeg,arafed baby in a swing with a caption saying at dawn we ride
211302,training/memes/211302.jpeg,a woman in a white shirt and a woman in a black shirt and a woman in a white
211303,training/memes/211303.jpeg,there is a man holding a coffee bag and a jar
211304,training/memes/211304.jpeg,a picture taken on a twitter account of a knight in armor
211305,training/memes/211305.jpeg,someone is not happy about this sign
211306,training/memes/211306.png,a woman with glasses and a red shirt is making a funny face
211307,training/memes/211307.jpeg,a cartoon drawing of two men sitting at a table with a cup of coffee
211308,training/memes/211308.jpeg,a woman in a bikini is leaning against a fence
211309,training/memes/211309.jpeg,cartoon of a man and a woman in lab coats talking to each other
211310,training/memes/211310.jpeg,there is a man sitting at a table with a sign in front of him
211311,training/memes/211311.jpeg,an old woman is talking to a woman who is wearing a floral shirt
211312,training/memes/211312.jpeg,there is a cat that is standing on its hind legs
211313,training/memes/211313.jpeg,there is a mushroom that is sitting on a counter top
211314,training/memes/211314.jpeg,a man with a beard and a beard in a black jacket
211315,training/memes/211315.jpeg,arafed woman holding a yellow bat in a park
211316,training/memes/211316.jpeg,a close up of a person with a red light on their face
211317,training/memes/211317.jpeg,three women in a car with the capt get in loser we're transitioning
211318,training/memes/211318.jpeg,there is a baby elephant standing in a field with birds
211319,training/memes/211319.jpeg,a close up of two mushrooms on a white surface with a black background
211320,training/memes/211320.jpeg,arafed baby in blue shoes squatting on grass with caption that last squat rep got
211321,training/memes/211321.jpeg,three minions with a guitar and a guitar in front of them
211322,training/memes/211322.jpeg,a man in a suit and tie holding a pipe with a quote on it
211323,training/memes/211323.jpeg,a picture of a woman pointing at a man with a cat on his lap
211324,training/memes/211324.jpeg,a cartoon of a woman with a thought bubble above her head
211325,training/memes/211325.jpeg,pregnant woman sitting at a desk with a laptop computer
211326,training/memes/211326.jpeg,arafed pregnant woman in white dress with white sheet and orange bowl of carrots
211327,training/memes/211327.jpeg,"pregnant woman in green shirt standing in front of fence with text that reads, the only time it"
211328,training/memes/211328.png,someone is holding a thermometer in their hand and asking to someone to do something
211329,training/memes/211329.jpeg,a cartoon picture of a little baby with a caption saying how girls pose when they only 5
211330,training/memes/211330.jpeg,there is a poster with a doctor and a woman talking
211331,training/memes/211331.jpeg,a close up of a person raising their hands in the air
211332,training/memes/211332.jpeg,there is a man holding a card and a sign that says english teacher
211333,training/memes/211333.jpeg,there is a monkey sitting on the ground with a caption in the background
211334,training/memes/211334.jpeg,a poster with a quote on it that says how to win an argument
211335,training/memes/211335.jpeg,a close up of a person with a hoodie on and a person with a hoodie on
211336,training/memes/211336.jpeg,"two women in a car with a caption that says, have two brains in my body but"
211337,training/memes/211337.png,a man in a purple jacket and hat with a hat on
211338,training/memes/211338.jpeg,a close up of a sign with a black background and a white text
211339,training/memes/211339.jpeg,pregnant woman and man with a funny expression on their faces
211340,training/memes/211340.jpeg,panda sitting on a log with a caption that reads giant panda in china fake pregnancy to receive
211341,training/memes/211341.jpeg,"pregnant woman in a field with a caption saying, i'm not wearing any panties under"
211342,training/memes/211342.png,a screenshot of a man and a woman with a baby bumping on their stomach
211343,training/memes/211343.jpeg,a couple of pictures of food and a person with a phone
211344,training/memes/211344.jpeg,arafed groundhog sitting on the ground with a caption saying i'm sorry for
211345,training/memes/211345.jpeg,a cartoon of a woman is being pregnant and a man is lying on the ground
211346,training/memes/211346.jpeg,arafed woman in a hospital bed with a man and a nurse
211347,training/memes/211347.jpeg,there is a picture of a toothbrush with a pink handle
211348,training/memes/211348.jpeg,a close up of two pictures of a woman with a plate of food
211349,training/memes/211349.jpeg,a close up of a white dog laying on its back on a floor
211350,training/memes/211350.jpeg,a picture of a kid with a fist in his hand and a caption of a poem
211351,training/memes/211351.jpeg,an old woman sitting at a table with a laptop computer
211352,training/memes/211352.jpeg,"anime girl laying on the ground with her arms crossed and texting, n - nyaa turns"
211353,training/memes/211353.jpeg,a picture taken from a newspaper with a picture of a man hanging on a wall
211354,training/memes/211354.jpeg,a picture of a woman and a man are in a scene with fire
211355,training/memes/211355.jpeg,"a black and white photo of a man in a hat with a caption saying, you can"
211356,training/memes/211356.jpeg,someone is giving me brain damage when they say they are not showing it
211357,training/memes/211357.jpeg,a painting of a man in a black dress holding a book
211358,training/memes/211358.png,there is a poster with a picture of a woman in a witch costume
211359,training/memes/211359.jpeg,a woman in a black hat is looking at the camera
211360,training/memes/211360.jpeg,araffiction of a man with a blue sky background and a caption of the capt
211361,training/memes/211361.jpeg,a cartoon of a woman in bed with a speech bubble above her head
211362,training/memes/211362.jpeg,a woman holding a bottle of water and a woman holding a bottle of water
211363,training/memes/211363.jpeg,"arafed man with a tattoo on his chest and a message that says, i'm"
211364,training/memes/211364.png,a screenshot of a text message about a bunch of noodles
211365,training/memes/211365.jpeg,a couple of men sitting next to each other on a field
211366,training/memes/211366.jpeg,a screenshot of a woman and a man in bed with beer
211367,training/memes/211367.jpeg,a woman with white hair and a black top smiles at another woman
211368,training/memes/211368.jpeg,a close up of a person in a jacket with a phone
211369,training/memes/211369.jpeg,a cartoon of a woman with red hair and a red button
211370,training/memes/211370.png,there is nothing more comfortable than comfortable comfortable comfortable comfortable comfortable comfortable comfortable comfortable comfortable comfortable comfortable comfortable comfortable
211371,training/memes/211371.jpeg,"arafed woman with dreadlocks and glasses with a caption saying, preachers against"
211372,training/memes/211372.png,there are two people standing in a street with a sign that says sweden ending sexism
211373,training/memes/211373.jpeg,a cartoon of a man standing in front of a window with a sign that says sex toward men
211374,training/memes/211374.jpeg,a black and white photo of a man in a suit and tie
211375,training/memes/211375.png,a man in a suit with a tie and a shirt on
211376,training/memes/211376.jpeg,"a woman with her mouth open and a caption saying, you're supposed to pull my"
211377,training/memes/211377.jpeg,a picture of a man in a uniform is holding a microphone
211378,training/memes/211378.jpeg,a woman laughing with a caption saying women's world cup? ain't nobody got
211379,training/memes/211379.jpeg,"there is a man holding a sign that says, these racist and sexs signs need to be"
211380,training/memes/211380.jpeg,a close up of a person in a red jacket making a funny face
211381,training/memes/211381.jpeg,a close up of a person wearing a mask and a person wearing a mask
211382,training/memes/211382.jpeg,"a woman holding a sign that says, overpopved female characters"
211383,training/memes/211383.jpeg,a man in plaid shirt sitting at a table with a plate of food
211384,training/memes/211384.jpeg,a woman in a red dress is talking to a man in a black mask
211385,training/memes/211385.png,people standing on a subway platform with a train in the background
211386,training/memes/211386.jpeg,a man with a beard and a microphone in front of a forest
211387,training/memes/211387.jpeg,a picture of a woman looking at men and women
211388,training/memes/211388.png,a group of penguins sitting on top of a body of water
211389,training/memes/211389.jpeg,arafed woman with dreadlocks and glasses with a caption saying claims to hate sex
211390,training/memes/211390.jpeg,a couple of women are holding up beer glasses in a bar
211391,training/memes/211391.png,a picture taken from a video game of a woman and a man
211392,training/memes/211392.jpeg,a close up of a person in a suit and tie with a caption
211393,training/memes/211393.jpeg,woman in orange shirt and black shorts playing frisbee on beach
211394,training/memes/211394.jpeg,a close up of a man with a beard wearing a shirt
211395,training/memes/211395.jpeg,a woman is talking on a news program with a caption
211396,training/memes/211396.jpeg,a couple of men hugging each other in a crowd
211397,training/memes/211397.png,a close up of a woman with glasses and a red hair
211398,training/memes/211398.png,a series of pictures of a brain with different types of neurons
211399,training/memes/211399.jpeg,a cartoon of a man in a red shirt is holding a button
211400,training/memes/211400.jpeg,there are two men holding their newborns in a hospital bed
211401,training/memes/211401.jpeg,there is a picture of a man with a fake goat mask on
211402,training/memes/211402.jpeg,a bear is sitting on a log with a caption saying i downvot every post about gender
211403,training/memes/211403.jpeg,a close up of four different symbols with the same gender
211404,training/memes/211404.png,a close up of a cartoon character with a sign in front of him
211405,training/memes/211405.jpeg,cartoon of a man with glasses and a red vest holding a cell phone
211406,training/memes/211406.jpeg,a cartoon drawing of a woman's face with different expressions
211407,training/memes/211407.jpeg,a green and black image of a t - rex with a caption saying if people can make
211408,training/memes/211408.jpeg,there is a woman holding a glass of water in her hand
211409,training/memes/211409.jpeg,a close up of a person with a head with different expressions
211410,training/memes/211410.jpeg,a cartoon of a woman in bed with a speech bubble above her head
211411,training/memes/211411.jpeg,a close up of a cartoon character with a caption of a person
211412,training/memes/211412.jpeg,"a man with a beard and a shirt that says, what is your gender?"
211413,training/memes/211413.jpeg,woman holding a bag with a slogan on it and a hand holding a bag
211414,training/memes/211414.jpeg,a man in a suit holding a stack of money and a box of money
211415,training/memes/211415.jpeg,a cartoon picture of a man in a yellow and blue outfit with a mustache
211416,training/memes/211416.jpeg,a woman sitting on a couch holding a glass of wine
211417,training/memes/211417.jpeg,a man in a suit and tie holding a yellow card
211418,training/memes/211418.jpeg,a diagram of gender symbols and their meanings
211419,training/memes/211419.jpeg,a cartoon picture of sponge sponge with different expressions
211420,training/memes/211420.jpeg,"there are two men standing together with a caption that says, i'm about to end"
211421,training/memes/211421.jpeg,a close up of a person wearing a jacket with a caption
211422,training/memes/211422.jpeg,a close up of a paper with a questionnaire on it
211423,training/memes/211423.jpeg,a cartoon drawing of a man's face with different expressions
211424,training/memes/211424.jpeg,a close up of two dogs with a microphone in front of a crowd
211425,training/memes/211425.jpeg,a close up of a person with a tattoo on their arm
211426,training/memes/211426.jpeg,a woman holding a sign that says being attracted to pans
211427,training/memes/211427.jpeg,there is a man in a suit and tie standing by a fence
211428,training/memes/211428.jpeg,arafed office space with a man in suspenders and a tie
211429,training/memes/211429.jpeg,a cartoon picture of a woman with a man in the background
211430,training/memes/211430.jpeg,a picture taken from a video of a rocket being launched with a face on it
211431,training/memes/211431.jpeg,a close up of a person sitting at a table with a beer
211432,training/memes/211432.jpeg,a close up of a person wearing a vest and a shirt
211433,training/memes/211433.jpeg,cartoon of a guy and a girl who are both being a video game
211434,training/memes/211434.jpeg,"a woman with dreadlocks and a hat on, looking up at the sky"
211435,training/memes/211435.jpeg,a cartoon of a man standing on a cliff with a stick in his hand
211436,training/memes/211436.jpeg,cartoon of a man in a lab coat pointing at a picture of a plant
211437,training/memes/211437.jpeg,there is a man with a black shirt and a white shirt
211438,training/memes/211438.jpeg,a tweee of a cartoon character with a flower on it
211439,training/memes/211439.jpeg,arafed girl with green hair and a german flag in the background
211440,training/memes/211440.png,a close up of two pictures of a monkey with a caption of a man
211441,training/memes/211441.jpeg,a close up of a poster with a person standing in a line
211442,training/memes/211442.jpeg,"four different logos with the words,'being straight is unusual ','being gay is unusual"
211443,training/memes/211443.jpeg,a flag with the words try to guess what what equality this flag is for
211444,training/memes/211444.jpeg,a close up of a person on a cell phone with a picture of a girl
211445,training/memes/211445.jpeg,a close up of a person with a picture of a man and a shravy
211446,training/memes/211446.png,arafed image of a man in a military uniform jumping in the air
211447,training/memes/211447.jpeg,a man with glasses and a scarf standing in front of a bar
211448,training/memes/211448.jpeg,a cartoon pig with a funny expression on his face
211449,training/memes/211449.jpeg,a couple of texts that are on a white background
211450,training/memes/211450.jpeg,a poster with a picture of a brain and a text that says i'm gay
211451,training/memes/211451.jpeg,"a screenshot of a spider - man with a caption that reads, when you're"
211452,training/memes/211452.jpeg,a close up of a person with a beard and a quote
211453,training/memes/211453.jpeg,a close up of a cell phone with a text that reads pov you said peophil
211454,training/memes/211454.jpeg,araflowed man in a hat pointing at a computer screen
211455,training/memes/211455.jpeg,arafed baby sitting on a toilet with a caption saying when you play co nobs
211456,training/memes/211456.jpeg,a picture of a woman with dreadlocks and a man with dreadlocks
211457,training/memes/211457.jpeg,arafed man in a bathroom with a phone and earphones
211458,training/memes/211458.jpeg,a man in a blue shirt and glasses sitting at a table with a spoon
211459,training/memes/211459.jpeg,a close up of a child kissing a man with a caption in the background
211460,training/memes/211460.jpeg,"a picture of a woman and a child in a boat with a caption saying, so tomorrow"
211461,training/memes/211461.jpeg,there are two pictures of a woman holding money and a sign
211462,training/memes/211462.jpeg,there is a man that is holding a woman's back
211463,training/memes/211463.jpeg,a picture of a man in a leather jacket holding a knife
211464,training/memes/211464.png,two things i love bacon 2 women who don't wear bras accepting pictures of both
211465,training/memes/211465.jpeg,arafed girl in a hat and jacket standing in a hallway
211466,training/memes/211466.png,arafed kid with glasses holding a drink and a straw
211467,training/memes/211467.png,someone is trying to make you smile when you're sad
211468,training/memes/211468.jpeg,"arafed cow with antlers on its head with caption saying, me waiting for the"
211469,training/memes/211469.jpeg,araffed woman in red shirt with glasses and a red shirt on
211470,training/memes/211470.jpeg,there is a man in a yellow jacket standing next to a tree
211471,training/memes/211471.jpeg,a cartoon picture of a woman sitting at a table with a bowl of fruit
211472,training/memes/211472.jpeg,arafed man in a blue shirt and tie holding a white board with a sign that says
211473,training/memes/211473.png,one does not simply get on inggr to see safe for work material
211474,training/memes/211474.jpeg,"a close up of a baby yodah with a caption that reads, when i introduced"
211475,training/memes/211475.jpeg,a penguin is walking across the street with a caption saying got promoted after 8 years as a
211476,training/memes/211476.jpeg,a group of water bottles in my room when bring in another one
211477,training/memes/211477.jpeg,arafed woman laughing and looking at camera with caption of canadian seeing the line at border
211478,training/memes/211478.png,a close up of a woman with a smile on her face
211479,training/memes/211479.jpeg,arafed doctor the abortion was successful credit card declines doctor
211480,training/memes/211480.jpeg,there is a man and woman kissing in a crowd of people
211481,training/memes/211481.jpeg,a man in camouflage jacket sitting down with a cell phone
211482,training/memes/211482.jpeg,a picture of a child holding a doll with a scary face on it
211483,training/memes/211483.jpeg,woman with a hat on her head in a grocery store
211484,training/memes/211484.jpeg,there is a woman sitting in a chair with a cookie in her hand
211485,training/memes/211485.jpeg,a close up of a person talking on a cell phone
211486,training/memes/211486.jpeg,a close up of a person in a suit and tie with a drink
211487,training/memes/211487.jpeg,a cartoon image of a woman with a blue wig and a green dress
211488,training/memes/211488.jpeg,a woman with long hair laughing and laughing with her mouth open
211489,training/memes/211489.jpeg,a cartoon picture of a girl with a caption saying she's a girl friend
211490,training/memes/211490.jpeg,a close up of a person pointing at something with a caption
211491,training/memes/211491.jpeg,a woman sitting on a ledge next to a man who is sitting on a ledge
211492,training/memes/211492.jpeg,arafed woman laughing with her mouth open and captioned that crazy girlfriend are the best
211493,training/memes/211493.jpeg,a black and white photo of a man laughing with a caption saying when she's crazy
211494,training/memes/211494.jpeg,"a close up of a child sitting on a chair with a caption that reads, when she"
211495,training/memes/211495.jpeg,a picture of a man and a woman with a caption of a woman's face
211496,training/memes/211496.jpeg,"a cartoon picture of a girl sitting on a couch with a caption saying, when he keeps"
211497,training/memes/211497.png,there is a man that is standing in the dirt with a hat on
211498,training/memes/211498.jpeg,arafed picture of a woman drinking a glass of wine
211499,training/memes/211499.jpeg,arafed woman holding a knife in her hand and smiling
211500,training/memes/211500.png,"a close up of a bear on a log with a caption saying, my friend told me"
211501,training/memes/211501.jpeg,arafed man in a suit and tie with a caption saying she may be crazy but
211502,training/memes/211502.jpeg,a woman with a leopard print shirt and red lipstick is posing for a picture
211503,training/memes/211503.png,"a close up of a person with a mustache and a caption that reads, therapist is she"
211504,training/memes/211504.jpeg,"arafed woman with a monkey on her head and a caption that reads, when the"
211505,training/memes/211505.png,arafed woman holding a bottle of water in her hand
211506,training/memes/211506.jpeg,a woman with pink hair and a white shirt is looking at the camera
211507,training/memes/211507.jpeg,a couple of people in suits and ties standing next to each other
211508,training/memes/211508.jpeg,arafed woman with a surprised expression on her face and a rainbow background
211509,training/memes/211509.jpeg,a cartoon image of a woman with a purple hat and a purple wig
211510,training/memes/211510.jpeg,a picture of a man with a long beard and a hat
211511,training/memes/211511.jpeg,arafed woman getting a foot massage in a doctor's office
211512,training/memes/211512.jpeg,there is a woman sitting at a table with a sign that says i ain't no ska
211513,training/memes/211513.jpeg,arafed man in blue shirt speaking to someone in public bathroom
211514,training/memes/211514.jpeg,a cartoon picture of a woman wiping her face with a towel
211515,training/memes/211515.jpeg,a cartoon dog with a caption saying the chair is to smaller for both of us can sit
211516,training/memes/211516.jpeg,arafficial image of a family of three sitting on a couch
211517,training/memes/211517.jpeg,arafed man with a tie and a shirt with a quote on it
211518,training/memes/211518.jpeg,"a woman holding a sign that says, first 3 years of my phd"
211519,training/memes/211519.jpeg,a close up of a stuffed animal wearing sunglasses with a caption of a caption
211520,training/memes/211520.jpeg,arafed teacher giving thumbs up in front of a world map
211521,training/memes/211521.png,arafed woman with a tongue sticking out and the caption of the joke
211522,training/memes/211522.jpeg,arafed man sitting in a chair reading a book with a caption of the results are
211523,training/memes/211523.jpeg,there is a woman with a creepy look on her face
211524,training/memes/211524.jpeg,arafed man in a cowboy hat standing next to a wagon
211525,training/memes/211525.jpeg,a close up of a woman with a fake face and a fake wig
211526,training/memes/211526.jpeg,a woman with a white shirt and a white shirt is posing for a picture
211527,training/memes/211527.jpeg,a close up of a person laying on the ground next to a car
211528,training/memes/211528.jpeg,a close up of a person with a clown face and a hand up
211529,training/memes/211529.jpeg,a close up of a map with a red marker on it
211530,training/memes/211530.jpeg,arafed man yelling at a woman with a caption saying i'm not amused ya
211531,training/memes/211531.jpeg,a close up of a person in a suit pointing at something
211532,training/memes/211532.jpeg,am i the only one around here who says sag sample heat one more time chuck
211533,training/memes/211533.jpeg,woman with glasses and a hat on her head pointing at something
211534,training/memes/211534.png,there is a man in a suit and tie standing in front of a tree
211535,training/memes/211535.jpeg,a close up of a black and white photo of a bird with a helmet on
211536,training/memes/211536.jpeg,a picture taken from a movie showing a man and a woman sitting on a bench
211537,training/memes/211537.jpeg,woman sitting on a couch with a stuffed animal and a stuffed dog
211538,training/memes/211538.jpeg,a close up of two cups of yogurt on a counter
211539,training/memes/211539.jpeg,a man in a red hat is standing in front of a tv
211540,training/memes/211540.jpeg,a woman with a nun's head covering her face and a nun's face with a
211541,training/memes/211541.jpeg,a woman in an orange dress smiling and posing for a picture
211542,training/memes/211542.jpeg,a close up of a person with a finger on their lips
211543,training/memes/211543.jpeg,araffe man cooking in a kitchen with a frying pan on the stove
211544,training/memes/211544.jpeg,two women are talking to each other on a video chat
211545,training/memes/211545.jpeg,a picture taken from a facebook account of a man in a suit and tie
211546,training/memes/211546.jpeg,"araffes, hand shakes, and spread viruss, so just slap that ass"
211547,training/memes/211547.png,arafed man in a blue shirt and a man in a black shirt are walking up a
211548,training/memes/211548.jpeg,araffe sitting on a rock with a caption saying stop making me laugh you'll
211549,training/memes/211549.jpeg,"a woman with her mouth open and a caption that reads, when you take your hot pocket"
211550,training/memes/211550.png,a cartoon picture of a man holding a butterfly in his hand
211551,training/memes/211551.jpeg,a woman sitting on the ground with her legs crossed and a pink background
211552,training/memes/211552.jpeg,arafed girl in a pink tank top and white shorts posing for a picture
211553,training/memes/211553.jpeg,"a cartoon spongebob with a sad face and a caption saying, bet you shower naked"
211554,training/memes/211554.jpeg,a man sitting on a couch with a caption of him whos my dirty little shit?
211555,training/memes/211555.jpeg,a woman sitting on a couch with a caption of a woman in a grey shirt
211556,training/memes/211556.jpeg,"arafed, girl, and girl wearing ripped jeans girl's knee"
211557,training/memes/211557.jpeg,arafed man in a pizza shirt standing in front of a blue door
211558,training/memes/211558.jpeg,a picture of a man in a suit and tie standing on a ledge with a megaphone
211559,training/memes/211559.jpeg,a woman sitting on a couch with a caption that reads when you conceal carry somewhere you know
211560,training/memes/211560.jpeg,a picture taken from a facebook account shows a cow and a tractor
211561,training/memes/211561.jpeg,a close up of a bowl of butter with a knife in it
211562,training/memes/211562.jpeg,arafed woman taking a picture of herself in the same picture
211563,training/memes/211563.jpeg,a close up of a bunch of bombs on a table
211564,training/memes/211564.jpeg,there is a woman with a cigarette in her mouth and a cigarette in her mouth
211565,training/memes/211565.jpeg,a screenshot of a text message from a woman on her phone
211566,training/memes/211566.jpeg,a woman in a red shirt is making a funny face
211567,training/memes/211567.jpeg,a cartoon of a wizard with a staff and a staff in the woods
211568,training/memes/211568.jpeg,arafed woman sitting on a couch with a remote control in her hand
211569,training/memes/211569.jpeg,a girl in a frozen dress is smiling and leaning on a railing
211570,training/memes/211570.jpeg,a close up of a woman with makeup and a face paint
211571,training/memes/211571.jpeg,a close up of a person with a stuffed animal in front of a woman
211572,training/memes/211572.png,a cartoon of a man taking a picture of a woman with a camera
211573,training/memes/211573.jpeg,a picture of a man with long hair and a beard with a mustache and a beardless face
211574,training/memes/211574.jpeg,cartoon of a man laying on a giant doughnut with a pink ice cream cone on top
211575,training/memes/211575.jpeg,a woman laying on a bed with money and a man drinking tea
211576,training/memes/211576.jpeg,a woman with her mouth open and a caption saying some girls act like heroes but most times
211577,training/memes/211577.jpeg,a girl in a frozen costume is smiling and looking at the camera
211578,training/memes/211578.jpeg,a cartoon girl in a green dress pointing at something
211579,training/memes/211579.jpeg,arafed man in a blue shirt holding a pair of gloves
211580,training/memes/211580.jpeg,arafed old woman looking at a laptop with a caption saying smash or pass? in
211581,training/memes/211581.jpeg,a woman in a bikini posing for a picture in a doorway
211582,training/memes/211582.jpeg,a close up of a man with long hair and a beard
211583,training/memes/211583.jpeg,a woman with a white shirt and earrings is smiling at the camera
211584,training/memes/211584.jpeg,two men in vests posing for a picture with a caption saying selfish? you mean
211585,training/memes/211585.jpeg,a cartoon picture of a woman in a yellow hat and a man in a blue shirt and a
211586,training/memes/211586.png,"there is a cat sitting on a fence with a caption that reads, her we can '"
211587,training/memes/211587.jpeg,a couple of men standing next to each other in a room
211588,training/memes/211588.jpeg,arafed man in a vest and a camera is standing in front of a crowd
211589,training/memes/211589.jpeg,there is a woman that is brushing her hair in the bathroom
211590,training/memes/211590.jpeg,a cartoon picture of a man with a cigarette in his mouth
211591,training/memes/211591.jpeg,a close up of a man in a shirt and tie with a caption that reads government work
211592,training/memes/211592.jpeg,a picture taken from a facebook page of a woman and a man with a mask on
211593,training/memes/211593.jpeg,a close up of a man wearing a hat with a caption in the middle
211594,training/memes/211594.jpeg,cartoon of a man with a sponge sponge on his head and a woman with a knife in her
211595,training/memes/211595.jpeg,arafed man holding a baseball bat in the middle of a yard
211596,training/memes/211596.jpeg,cartoon of a man and woman looking at a fish in a tank
211597,training/memes/211597.jpeg,a close up of two men in suits with a caption saying shut your mouth sh hit your
211598,training/memes/211598.jpeg,a close up of two men in suits standing next to each other
211599,training/memes/211599.jpeg,a picture of a man with four different expressions of his face
211600,training/memes/211600.jpeg,cartoon of a man reading a book with a caption of a joke
211601,training/memes/211601.jpeg,arafed woman in a white dress pushing a baby carriage
211602,training/memes/211602.jpeg,arafed man in white shirt holding hands with a man in black pants
211603,training/memes/211603.jpeg,a picture of two toy story characters standing next to each other
211604,training/memes/211604.jpeg,there is a man walking down a bridge with a little boy
211605,training/memes/211605.jpeg,a cartoon frog with a yellow shirt and yellow shirt on
211606,training/memes/211606.jpeg,"arafed man with a fist up in the air with a caption that reads, when"
211607,training/memes/211607.jpeg,a woman in shorts and a white shirt holding a baby in a grocery store
211608,training/memes/211608.jpeg,a cartoon spongebob sitting on a bed with a clock in front of it
211609,training/memes/211609.jpeg,arafed man in a blue shirt sitting on a couch with a text bubble above him
211610,training/memes/211610.jpeg,there are two little girls walking down the street with a backpack
211611,training/memes/211611.jpeg,a close up of a person pointing at a child with a caption
211612,training/memes/211612.jpeg,a close up of a child playing a guitar with a caption
211613,training/memes/211613.jpeg,arafed man in a suit holding a red box with a smiley face
211614,training/memes/211614.jpeg,there are two pictures of a dog and a woman in dresses
211615,training/memes/211615.jpeg,arafed woman in pink shirt with caption saying 17 year old son comes home with red
211616,training/memes/211616.jpeg,a cartoon picture of a woman with a funny face and a guy with glasses
211617,training/memes/211617.jpeg,a close up of a man with a beard and a turban smoking a cigarette
211618,training/memes/211618.jpeg,two pictures of a woman sitting in front of a tv screen
211619,training/memes/211619.jpeg,there is a woman holding a tape and a measuring tape
211620,training/memes/211620.jpeg,a cartoon image of a spongebob with a knife and a knife in his mouth
211621,training/memes/211621.png,a close up of a person sitting next to a person on a couch
211622,training/memes/211622.jpeg,a picture taken from a facebook account of a penguin sitting on a chair
211623,training/memes/211623.jpeg,"cartoon, meme, and when stop mom says let's have son fun and i '"
211624,training/memes/211624.jpeg,a woman in a pink shirt is standing with her hands on her hips
211625,training/memes/211625.jpeg,a close up of a person in a kitchen with a text message
211626,training/memes/211626.jpeg,a close up of a person standing in a room with a heat gun
211627,training/memes/211627.jpeg,a cartoon picture of a woman with a red rose in her hand
211628,training/memes/211628.png,"a cartoon image of a suitcase with a message saying, poy you are 12"
211629,training/memes/211629.jpeg,a cartoon image of a woman with a scarf on and a fish in the background
211630,training/memes/211630.jpeg,a picture of a woman with a baby and a woman with a child
211631,training/memes/211631.jpeg,a cartoon of a man with a red button on his forehead
211632,training/memes/211632.jpeg,"a cartoon picture of a toy story with a caption saying, look what is that?"
211633,training/memes/211633.jpeg,arafed man and woman watching a movie on a computer screen
211634,training/memes/211634.jpeg,arafed woman holding a dog in her arms and smiling
211635,training/memes/211635.jpeg,a close up of a cartoon character with a caption of a man and a woman
211636,training/memes/211636.png,a cartoon rabbit holding a hammer and a hammer in its hand
211637,training/memes/211637.jpeg,a close up of a man in a suit holding a glass of wine
211638,training/memes/211638.jpeg,woman and child in kitchen with a bottle of water and a towel
211639,training/memes/211639.jpeg,a close up of a child in a car seat with a caption saying when your stepmo
211640,training/memes/211640.jpeg,arafed woman leaning against a pole with a bird on it
211641,training/memes/211641.jpeg,a close up of a toy buzz buzz from toy story
211642,training/memes/211642.jpeg,a woman in a bra top and panties posing for a picture
211643,training/memes/211643.jpeg,a picture of a woman in a dress and a hat with a caption saying what people think
211644,training/memes/211644.jpeg,a woman holding a bunch of money next to a picture of a man
211645,training/memes/211645.jpeg,a close up of a person sitting next to a washing machine
211646,training/memes/211646.jpeg,a close up of a person with a caption on a table
211647,training/memes/211647.jpeg,arafed dog sitting on a couch with a pillow and a pillow
211648,training/memes/211648.jpeg,a close up of a person in a yellow jacket leaning against a tree
211649,training/memes/211649.jpeg,there is a cartoon picture of a yellow monster standing in front of a washing machine
211650,training/memes/211650.jpeg,arafed man sitting on a couch with a dog in his lap
211651,training/memes/211651.jpeg,"a picture of a girl with red eyes and a caption that says, you and your step"
211652,training/memes/211652.jpeg,a man holding a cross in his hand with a caption saying when your stepister looks bit
211653,training/memes/211653.jpeg,"a cartoon picture of a woman with a sign saying, every sister has 2 moodss step sisters"
211654,training/memes/211654.jpeg,there is a box with a helmet and a helmet on it
211655,training/memes/211655.jpeg,"a close up of a person with a blue eyes and a caption that reads, my step"
211656,training/memes/211656.jpeg,a cartoon image of a man with glasses and a red jacket
211657,training/memes/211657.jpeg,"arafed woman wearing bunny ears and bunny ears with a caption that reads, when your"
211658,training/memes/211658.jpeg,"spider - man in a suit with a caption saying, when your step - sister catches you"
211659,training/memes/211659.jpeg,a cartoon picture of a woman with a funny expression on her face
211660,training/memes/211660.jpeg,arafed woman laying on a bed with a guitar in the background
211661,training/memes/211661.jpeg,cartoon of a man with a hat and a red shirt and a red shirt
211662,training/memes/211662.jpeg,a close up of a man in a blue shirt with a caption saying when you'd
211663,training/memes/211663.jpeg,a man with a beard and a red jacket is smiling and pointing at the camera
211664,training/memes/211664.jpeg,a close up of a man in a red jacket with a beard
211665,training/memes/211665.jpeg,arafed man and woman looking at a computer screen with caption saying when steps catches you
211666,training/memes/211666.png,"smiling man with a funny expression on his face with a caption that reads, you will be"
211667,training/memes/211667.jpeg,they are sitting at a table with a laptop and talking
211668,training/memes/211668.jpeg,a close up of a person holding a gun with a caption
211669,training/memes/211669.jpeg,brace you yourselvess gender stereotypess are coming
211670,training/memes/211670.jpeg,a picture of a man in a purple jacket and bow tie
211671,training/memes/211671.jpeg,a close up of a person holding a sign with a woman
211672,training/memes/211672.jpeg,arafed jeep with a woman leaning on the front of it
211673,training/memes/211673.jpeg,a man sitting at a table with a beer bottle and a sign that says i don't
211674,training/memes/211674.jpeg,a cartoon image of a man with glasses and a red shirt
211675,training/memes/211675.jpeg,a picture taken from a meme of a man in a suit and tie
211676,training/memes/211676.jpeg,a close up of a woman with a hair brush and a clock
211677,training/memes/211677.png,there are two people that are playing with a fire in the room
211678,training/memes/211678.jpeg,a close up of a man in a suit and tie with a quote on it
211679,training/memes/211679.jpeg,a close up of a person holding a large white object
211680,training/memes/211680.png,arafed image of a man making a funny face with his mouth
211681,training/memes/211681.jpeg,there is a young boy holding a stick with his hands
211682,training/memes/211682.png,arafed man shaving his face with a razor and a shower head
211683,training/memes/211683.jpeg,a close up of a person with a beard and a shirt
211684,training/memes/211684.jpeg,arafed image of a woman and a man in a kitchen
211685,training/memes/211685.png,arafed image of a woman holding a sign that says i'm a person so i
211686,training/memes/211686.jpeg,a close up of a poster with a woman and a child
211687,training/memes/211687.jpeg,a cartoon picture of a man and woman with a caption of the same text
211688,training/memes/211688.jpeg,cartoon of a woman in a pink dress with a pink cat
211689,training/memes/211689.jpeg,there is a woman standing next to a woman on a court
211690,training/memes/211690.jpeg,a girl with a frozen hair is smiling and leaning on a railing
211691,training/memes/211691.jpeg,a close up of a person with a cigarette in his mouth
211692,training/memes/211692.jpeg,bride and groom standing in front of a wall with a caption saying ok wait sweetheart you thought
211693,training/memes/211693.jpeg,a close up of a person with a smile on a field
211694,training/memes/211694.jpeg,a woman with blonde hair and a white dress is standing in front of a castle
211695,training/memes/211695.jpeg,someone is giving a cat a haircut and it looks like he is trying to get a hair
211696,training/memes/211696.png,a woman is giving a man a blanket on the couch
211697,training/memes/211697.jpeg,a boy in a vest smiles at the camera with a caption saying married high school sweetheart after
211698,training/memes/211698.jpeg,a close up of a baby yodah sitting at a desk with a laptop
211699,training/memes/211699.jpeg,arafed man with long hair smoking a cigarette in a truck
211700,training/memes/211700.jpeg,arafed girl sitting on a couch talking to a woman who is sitting next to her
211701,training/memes/211701.jpeg,a cartoon of a man holding a baby in his arms
211702,training/memes/211702.jpeg,a close up of a cartoon cat laying in bed with hearts
211703,training/memes/211703.jpeg,arafed statue of jesus giving thumbs up with a heart on it
211704,training/memes/211704.jpeg,a cartoon sponge with a smile on his face and arms
211705,training/memes/211705.jpeg,a close up of a person holding a book with a sign
211706,training/memes/211706.jpeg,someone is holding their hand up with a dirty hand
211707,training/memes/211707.jpeg,a close up of a person in a pink outfit holding a gun
211708,training/memes/211708.jpeg,a close up of a person in a suit and tie making a funny face
211709,training/memes/211709.jpeg,arafed image of a man with a skateboard and a caption of a shadow
211710,training/memes/211710.jpeg,there is a little girl sitting on a toilet with a caption
211711,training/memes/211711.jpeg,"arafed girl with a funny expression on her face saying, enjoy my alone time to sweetheart"
211712,training/memes/211712.jpeg,there is a picture of a boy that is smiling and looking at his cell phone
211713,training/memes/211713.jpeg,someone is holding a gummy bear and a small one is holding a gummy bear
211714,training/memes/211714.jpeg,a close up of two men in suits and ties one is adjusting the other
211715,training/memes/211715.jpeg,arafed image of a man in a red swimsuit and a woman in a red one
211716,training/memes/211716.jpeg,araffe standing in the grass with a caption saying how i feel when i try on
211717,training/memes/211717.jpeg,arafed image of a group of young boys in wrestling suits
211718,training/memes/211718.jpeg,there is a man that is talking on a cell phone
211719,training/memes/211719.jpeg,there is a bear that is sitting on the ground with a caption
211720,training/memes/211720.jpeg,three women in bikinis standing next to each other in front of a pool
211721,training/memes/211721.jpeg,there are two people riding on a jet ski in the water
211722,training/memes/211722.jpeg,a picture taken from a meme of a man in a fur coat holding a microphone
211723,training/memes/211723.jpeg,a black and white photo of a group of women in bathing suits
211724,training/memes/211724.jpeg,two pictures of a woman in a bathing suit and a man in a bathing suit with a surf
211725,training/memes/211725.jpeg,arafed man in a red swimsuit sitting on the beach
211726,training/memes/211726.jpeg,otter eating ice cream on a wooden table with a caption of it's almost swimsuit
211727,training/memes/211727.png,a cartoon drawing of a man with a cell phone and a woman with a shirt on
211728,training/memes/211728.jpeg,arafed man with a funny expression on his face
211729,training/memes/211729.jpeg,a cartoon picture of a man holding a sign that says feminism
211730,training/memes/211730.jpeg,arafed man in a shirt and tie looking through blinds
211731,training/memes/211731.jpeg,waiting for hollywood to stop eating to the male gaze like
211732,training/memes/211732.jpeg,cartoon of a woman looking at a man on a tv screen
211733,training/memes/211733.jpeg,a man in a tuxedo holding a glass of wine
211734,training/memes/211734.jpeg,that would be great office space person meme
211735,training/memes/211735.png,a close up of a person in a white shirt and white pants
211736,training/memes/211736.jpeg,there is a woman that is smiling and holding a cell phone
211737,training/memes/211737.jpeg,there are two pictures of a cat that are smiling and laughing
211738,training/memes/211738.jpeg,a man in a blue suit holding a beer glass in his hand
211739,training/memes/211739.jpeg,a couple of people standing next to each other in front of a building
211740,training/memes/211740.jpeg,a cartoon of a person in a room with a knife and a door
211741,training/memes/211741.jpeg,a man with a beard and a hat is standing in front of a sign that says lower your
211742,training/memes/211742.jpeg,there is a man that is standing in front of a mirror
211743,training/memes/211743.jpeg,woman in pink shirt holding a pink pill in her hand
211744,training/memes/211744.jpeg,a cartoon picture of a nun nun holding a pan and a knife
211745,training/memes/211745.jpeg,a close up of a person in a suit and tie with a sign
211746,training/memes/211746.jpeg,there is a cat that is sitting on a table with oranges
211747,training/memes/211747.jpeg,cartoon of a man with a beard and a woman with a red scarf
211748,training/memes/211748.jpeg,a close up of a woman with a funny expression on her face
211749,training/memes/211749.jpeg,a close up of a person holding a toy and a cell phone
211750,training/memes/211750.jpeg,a close up of a woman with long hair and a tweet
211751,training/memes/211751.jpeg,arafed woman in a red top and black shorts with a red arrow pointing to the right
211752,training/memes/211752.jpeg,a woman in a black top is talking to someone on a video chat
211753,training/memes/211753.jpeg,a painting of a woman holding a book with the caption that feeling when you finally take off
211754,training/memes/211754.jpeg,"a picture of a picture of a bird with a caption of the words, the kid and"
211755,training/memes/211755.jpeg,there is no meme just a pair of great tits
211756,training/memes/211756.jpeg,a man with a bald head and no shirt holding his hands up
211757,training/memes/211757.jpeg,a woman in a brown shirt is posing for a picture
211758,training/memes/211758.jpeg,arafed image of a man in a suit and tie pointing at the camera
211759,training/memes/211759.png,someone is holding a plastic object in their hand with a quote on it
211760,training/memes/211760.jpeg,there is a woman sitting on a train with a man sitting next to her
211761,training/memes/211761.jpeg,a panda bear sitting on a tree stump with a beer bottle in its mouth
211762,training/memes/211762.jpeg,arafed woman in a dress posing for a picture with a man in the background
211763,training/memes/211763.jpeg,a woman in a black top is smiling and a picture of a woman in a black top is
211764,training/memes/211764.jpeg,arafed woman with her head in the air with a white tank top
211765,training/memes/211765.png,a woman with a surprised look on her face at a basketball game
211766,training/memes/211766.jpeg,a woman in a black dress with a quote on it
211767,training/memes/211767.jpeg,a close up of three women laughing and posing for a picture
211768,training/memes/211768.jpeg,a close up of four different pictures of a face with different expressions
211769,training/memes/211769.jpeg,arafed girl in a white tank top with a purple heart on it
211770,training/memes/211770.png,a woman holding her head in her hands and looking at the camera
211771,training/memes/211771.jpeg,a woman sitting in a chair talking to a man in a dentist's chair
211772,training/memes/211772.jpeg,three birds sitting on a branch with white flowers in the background
211773,training/memes/211773.jpeg,a cartoon picture of a man with a pink hair and a girl with a pink hair
211774,training/memes/211774.jpeg,a woman in a white bikini top with a caption saying look into my eyes challenge
211775,training/memes/211775.jpeg,arafed woman leaning against a car with the caption of what would you say if she
211776,training/memes/211776.jpeg,there are two kinds of bras and a pair of shoes
211777,training/memes/211777.jpeg,a cartoon turtle with a caption saying look at this face now that your defense are down show
211778,training/memes/211778.png,a cartoon picture of a man holding a small gold object
211779,training/memes/211779.jpeg,a close up of a person holding a shirt over their stomach
211780,training/memes/211780.jpeg,a bunch of pictures of women dressed in different outfits
211781,training/memes/211781.jpeg,a man talking on a cell phone with a caption saying how can you have women's
211782,training/memes/211782.jpeg,a woman in a black dress and a man in a grey shirt
211783,training/memes/211783.jpeg,there is a woman sitting on a bench with a lot of dirty dishes
211784,training/memes/211784.png,a cartoon picture of a woman with white hair and glasses
211785,training/memes/211785.jpeg,a woman with red hair and a red top is standing in front of a wall
211786,training/memes/211786.jpeg,a black and white photo of a group of people posing for a picture
211787,training/memes/211787.jpeg,a woman with a hat and a white top is talking on her phone
211788,training/memes/211788.jpeg,arafed woman with a black hair sticking out her tongue
211789,training/memes/211789.jpeg,a close up of two pictures of a woman eating food
211790,training/memes/211790.jpeg,woman holding a sign with hearts and a message that says you looked super cute today
211791,training/memes/211791.jpeg,a close up of a person holding a baseball bat in different pictures
211792,training/memes/211792.jpeg,two women in matching outfits are posing for a picture
211793,training/memes/211793.jpeg,there are a group of people taking a picture together in the bathroom
211794,training/memes/211794.jpeg,a close up of a person with a facebook message on a phone
211795,training/memes/211795.jpeg,a cartoon drawing of a man holding a cell phone in his hand
211796,training/memes/211796.jpeg,a group of people holding signs in the middle of a street
211797,training/memes/211797.jpeg,a woman with a fake american flag on her face and a woman with a fake american flag on
211798,training/memes/211798.jpeg,a close up of a carton of eggs with a woman and a cat
211799,training/memes/211799.jpeg,there is a woman yelling at a man who is wearing a black shirt
211800,training/memes/211800.png,four pictures of a little girl with a funny expression on her face
211801,training/memes/211801.jpeg,arafed image of a man with a caption of feminists
211802,training/memes/211802.jpeg,arafed dog in a colorful towel and a woman in a bikini
211803,training/memes/211803.png,a woman in pink jacket with a pink and white background and a pink and white background
211804,training/memes/211804.jpeg,a group of children in diapers dancing around each other
211805,training/memes/211805.jpeg,a woman in a costume standing next to a man in a suit
211806,training/memes/211806.jpeg,a woman and a man are looking out the window of a car
211807,training/memes/211807.jpeg,a couple of pictures of women in dresses and heels posing for a picture
211808,training/memes/211808.png,three women are brushing their teeth and one is holding a brush
211809,training/memes/211809.jpeg,a woman in a red dress with a red belt and a quote that says me wants to be
211810,training/memes/211810.jpeg,a picture of a woman in a red dress and a man in a tuxedo
211811,training/memes/211811.jpeg,"a man sitting at a table with a beer bottle and a sign that says, so tell me"
211812,training/memes/211812.jpeg,a close up of a person with a beard and a sweater
211813,training/memes/211813.jpeg,a close up of a woman with different facial expressions
211814,training/memes/211814.jpeg,araffy man in a store with a carton of milk
211815,training/memes/211815.jpeg,a close up of a statue of a man holding a baseball bat
211816,training/memes/211816.jpeg,a close up of a person in a suit and tie making a funny face
211817,training/memes/211817.jpeg,"cartoon, meme, and i want both wanting to be an independent successful woman"
211818,training/memes/211818.jpeg,a close up of a person wearing a hat and a purple jacket
211819,training/memes/211819.jpeg,a woman in a blue dress walking down a street with a bag
211820,training/memes/211820.jpeg,two women in school uniforms hugging each other with a caption
211821,training/memes/211821.jpeg,a man in a white shirt is yelling in a kitchen
211822,training/memes/211822.jpeg,a picture of a girl with a wolf face and a girl with a pony head
211823,training/memes/211823.jpeg,a close up of a person standing on a sidewalk with a text over their head
211824,training/memes/211824.jpeg,"arafly, this girl probably gets up early and stays up late"
211825,training/memes/211825.jpeg,a close up of a woman bending over a mannequin in a store
211826,training/memes/211826.jpeg,a close up of a cartoon picture of a woman with a shirt on
211827,training/memes/211827.jpeg,a couple of kids standing next to a bucket of trash
211828,training/memes/211828.png,arafed woman in a short skirt standing in front of a store
211829,training/memes/211829.jpeg,a woman in a short skirt is holding a tennis racquet
211830,training/memes/211830.jpeg,a man sitting in a chair with a beer bottle in his hand
211831,training/memes/211831.jpeg,"a picture taken from a car shows a woman in a dress and a sign that says, she"
211832,training/memes/211832.jpeg,a woman in a skirt and high heels is taking a selfie
211833,training/memes/211833.png,woman sitting in a car talking on a cell phone
211834,training/memes/211834.jpeg,there are three little girls sitting on a step together
211835,training/memes/211835.png,a close up of a video game with a person in a swimming pool
211836,training/memes/211836.jpeg,a woman in high heels leaning against a car with her butt in the air
211837,training/memes/211837.jpeg,a cartoon spongebob sitting on a couch with a cup of coffee
211838,training/memes/211838.jpeg,a close up of a person in a pink skirt with a quote
211839,training/memes/211839.jpeg,a woman in a short skirt is sitting in a car
211840,training/memes/211840.jpeg,a close up of a person standing next to a woman
211841,training/memes/211841.jpeg,a cartoon image of a man giving a thumbs up
211842,training/memes/211842.jpeg,a close up of a credit card with a woman on it
211843,training/memes/211843.jpeg,arafed image of a man talking on a cell phone
211844,training/memes/211844.jpeg,a woman in a black shirt and earrings talking to someone
211845,training/memes/211845.png,a close up of a person standing on a field with a frisbee
211846,training/memes/211846.jpeg,a picture of a baby yodah holding a christmas tree
211847,training/memes/211847.jpeg,arafed girl in a hat and jacket standing in a hallway
211848,training/memes/211848.jpeg,a man in a leather outfit standing next to another man in a forest
211849,training/memes/211849.jpeg,a cartoon nun sitting on the floor with a cell phone in her hand
211850,training/memes/211850.jpeg,there is a man standing in front of a white board with a sign on it
211851,training/memes/211851.jpeg,a close up of a person pointing a finger at a child
211852,training/memes/211852.png,a baby yodah is holding a baby yodah in his arms
211853,training/memes/211853.jpeg,two women walking down a snowy road with a sign that says only three things don't get
211854,training/memes/211854.png,"a close up of a person with a text that reads, you've had more affairs on"
211855,training/memes/211855.jpeg,a penguin with a mustache and a mustache on its nose
211856,training/memes/211856.jpeg,arafed man talking on a cell phone while sitting at a desk
211857,training/memes/211857.jpeg,there is a hot dog in a tent with a bun in it
211858,training/memes/211858.jpeg,a close up of a person wearing a hat and a bow tie
211859,training/memes/211859.png,a woman holding a microphone in her hand and a man holding a microphone in her hand
211860,training/memes/211860.jpeg,woman in white dress with arms outstretched in the air with text saying why did the whore go to
211861,training/memes/211861.jpeg,a black and white photo of a man with a gun and a woman with a gun
211862,training/memes/211862.jpeg,a close up of a baby yoda holding a camera
211863,training/memes/211863.jpeg,a cartoon image of a man with glasses and a red jacket
211864,training/memes/211864.jpeg,a close up of a person holding a hair brush in their hand
211865,training/memes/211865.jpeg,a woman with a triangle and a triangle on her face
211866,training/memes/211866.jpeg,a close up of a child sitting in a car with a caption
211867,training/memes/211867.jpeg,a close up of a magazine with a picture of a woman and a man
211868,training/memes/211868.jpeg,a picture taken from a meme of a woman with a doctor's face
211869,training/memes/211869.jpeg,cartoon of a woman with a time machine and a man with a tie
211870,training/memes/211870.jpeg,a cartoon picture of a woman with a time machine and a man with a beard
211871,training/memes/211871.jpeg,a close up of a person in a costume and a griner
211872,training/memes/211872.jpeg,a close up of a person with a long hair and a smile
211873,training/memes/211873.jpeg,a close up of a woman standing next to a sign with a picture of a woman
211874,training/memes/211874.jpeg,a woman with her arms crossed and a man with his arms crossed behind her
211875,training/memes/211875.jpeg,a cartoon of a bunch of people that are in different stages
211876,training/memes/211876.jpeg,there are two pictures of a man and a woman with a coffee mug
211877,training/memes/211877.jpeg,a close up of a person with long white hair and a beard
211878,training/memes/211878.jpeg,a close up of two photos of a woman with glasses and a tree
211879,training/memes/211879.jpeg,a bunch of pictures of a woman with a man in a suit and a woman in a costume
211880,training/memes/211880.jpeg,there is a man talking on a cell phone with a caption that reads who needs man when
211881,training/memes/211881.jpeg,a close up of a woman with a vacuum cleaner and a poster
211882,training/memes/211882.jpeg,a close up of a woman with a smile and a caption of the same image
211883,training/memes/211883.jpeg,a woman sitting in front of a man who is looking at her
211884,training/memes/211884.jpeg,a bunch of pictures of a man in a suit and tie
211885,training/memes/211885.jpeg,three women sitting on chairs with a bottle of soda in their hand
211886,training/memes/211886.png,a close up of a cartoon character with a cat in the hat
211887,training/memes/211887.jpeg,a close up of a woman with a smile on her face
211888,training/memes/211888.jpeg,a picture taken from a movie showing a woman in a pink dress and a woman in a black
211889,training/memes/211889.jpeg,arafed woman with long hair and glasses sitting in bed with a creepy face
211890,training/memes/211890.jpeg,a close up of a person wearing glasses with a caption of a gym class
211891,training/memes/211891.jpeg,a close up of a person sitting at a table with a plate of food
211892,training/memes/211892.png,two pictures of a woman in a nun costume and a man in a nun costume
211893,training/memes/211893.jpeg,a woman with green hair and glasses is smiling and looking at the camera
211894,training/memes/211894.jpeg,arafed image of a group of men laughing and laughing
211895,training/memes/211895.jpeg,a close up of two photos of a woman with a fake smile
211896,training/memes/211896.jpeg,woman with glasses and a man with a shirt on and a sign in front of her
211897,training/memes/211897.jpeg,a woman holding a piece of food with a caption of a picture of a woman
211898,training/memes/211898.jpeg,a cartoon picture of a man holding a sign with a woman on it
211899,training/memes/211899.jpeg,a woman in a white shirt is pointing at a map
211900,training/memes/211900.jpeg,woman holding a sign that says i need feminism because i have a million power in rise of kingdoms
211901,training/memes/211901.jpeg,a close up of two pictures of women holding signs
211902,training/memes/211902.jpeg,a woman with glasses and a sign saying judging people by their race and sex is wrong
211903,training/memes/211903.jpeg,four pictures of a woman with glasses and a beer in her hand
211904,training/memes/211904.png,there are two people standing next to each other in a painting
211905,training/memes/211905.jpeg,a woman is pouring something into a car engine
211906,training/memes/211906.jpeg,there is a woman holding a roll of toilet paper and a roll of paper
211907,training/memes/211907.jpeg,arafed image of a man in a tuxedo holding a glass of wine
211908,training/memes/211908.jpeg,a woman with long hair and a gray shirt is looking up at something
211909,training/memes/211909.jpeg,a woman in a blue dress holding a snowflake and a snowflake
211910,training/memes/211910.jpeg,a woman in a cockpit with a headset on and a microphone
211911,training/memes/211911.jpeg,a group of women sitting at a table with a bunch of cars
211912,training/memes/211912.jpeg,a woman in a business suit is talking to a man
211913,training/memes/211913.jpeg,there is a baby that is looking at the camera with a caption
211914,training/memes/211914.jpeg,a black and white photo of a woman in a dress with a cat on her shoulder
211915,training/memes/211915.jpeg,a woman pointing at a man with a knife in her mouth
211916,training/memes/211916.png,a couple of people that are talking on a cell phone
211917,training/memes/211917.jpeg,a man in a shirt and tie standing in an office space
211918,training/memes/211918.jpeg,a woman with dreads and glasses sitting in front of a crowd
211919,training/memes/211919.png,a close up of a child laying on a table with a doughnut
211920,training/memes/211920.jpeg,a close up of two pictures of a man with long hair
211921,training/memes/211921.jpeg,a woman with a rope on her head and a man with a beard
211922,training/memes/211922.jpeg,a man in a red shirt pointing at something with a caption
211923,training/memes/211923.jpeg,two toy story characters standing next to each other with caption saying trying to explain why women don
211924,training/memes/211924.jpeg,"a man in a suit and tie with a mustache and a caption saying, so singles are"
211925,training/memes/211925.jpeg,a man in a hat and plaid shirt holding a tape
211926,training/memes/211926.jpeg,a man sitting at a table with a beer bottle and a sign that says i don't
211927,training/memes/211927.jpeg,arafed image of a group of people posing for a picture
211928,training/memes/211928.jpeg,two women sitting on a couch talking to each other
211929,training/memes/211929.jpeg,a woman with red nails and a pink lipstick holding her hand up to her face
211930,training/memes/211930.jpeg,a close up of a dog laying on a ground next to a dinosaur
211931,training/memes/211931.jpeg,a painting of a woman in a white dress holding a sword
211932,training/memes/211932.jpeg,a cartoon picture of a man and woman sitting on a chair
211933,training/memes/211933.jpeg,a close up of a stuffed animal with a woman's face
211934,training/memes/211934.jpeg,a close up of two pictures of a cat and a cat with a bow
211935,training/memes/211935.jpeg,a picture of a couple of pictures of a woman and a man
211936,training/memes/211936.jpeg,woman with her eyes closed and mouth open while being hugged by a man
211937,training/memes/211937.jpeg,arafed woman wearing a hat with a newspaper on it
211938,training/memes/211938.jpeg,a man and woman sitting at a table with a man talking to each other
211939,training/memes/211939.jpeg,a close up of two green frogs with a hoodie on
211940,training/memes/211940.png,arafed woman sitting at a desk with a man in front of her
211941,training/memes/211941.jpeg,cartoon of a woman sitting in a chair with a cat and a dog
211942,training/memes/211942.jpeg,"arafed man holding a piece of pizza with a caption saying, when your girl tells"
211943,training/memes/211943.jpeg,a picture taken from a facebook account of a group of friends sitting on a couch
211944,training/memes/211944.jpeg,a black and white photo of a woman with her hands on her chin
211945,training/memes/211945.jpeg,a woman in pink shirt holding a wallet and smiling
211946,training/memes/211946.jpeg,a girl in a dress is smiling while leaning on a railing
211947,training/memes/211947.jpeg,woman with a tennis racket and a hat on her head
211948,training/memes/211948.jpeg,a picture taken from a meme of a man sitting at a table with a plate of food
211949,training/memes/211949.jpeg,a woman in a bikini top is looking at a man in a restaurant
211950,training/memes/211950.jpeg,a picture taken from a computer screen with a caption of a man typing on a keyboard
211951,training/memes/211951.jpeg,a couple of kids standing next to each other in a jail cell
211952,training/memes/211952.jpeg,a green frog with a caption saying when you at the birthday party and that single mom finishes
211953,training/memes/211953.jpeg,araffe is holding a hot dog and a hot dog in a bun
211954,training/memes/211954.jpeg,there is a picture of a man and woman with candy
211955,training/memes/211955.jpeg,a cartoon image of a man with glasses and a caption saying how you look at your girl
211956,training/memes/211956.jpeg,a cartoon picture of a man holding a bird next to a woman
211957,training/memes/211957.jpeg,a picture taken from a twitter account of a woman with a phone
211958,training/memes/211958.jpg,a woman holding a cup of coffee and a bag of coffee
211959,training/memes/211959.jpeg,a woman standing in front of a judge and a man behind her
211960,training/memes/211960.jpeg,two pictures of a woman laying in a bed with a pillow
211961,training/memes/211961.jpeg,arafed woman with a mask on and a woman with a breathing device
211962,training/memes/211962.jpeg,a close up of a woman yelling at a cat with a plate of food
211963,training/memes/211963.jpeg,"woman's logic yes he's not, but rather date an asshole, they're"
211964,training/memes/211964.jpeg,a cartoon picture of a woman with different expressions and expressions
211965,training/memes/211965.jpeg,a cartoon picture of a woman and a man with glasses
211966,training/memes/211966.jpeg,a picture of a bunch of different pictures of a guy
211967,training/memes/211967.jpeg,a series of pictures of a woman in scrubs talking to a man
211968,training/memes/211968.jpeg,one does not simply understand women logic
211969,training/memes/211969.jpeg,a woman standing on the beach with her arms up and arms raised
211970,training/memes/211970.jpeg,a picture of a woman with a smile and a quote about her
211971,training/memes/211971.jpeg,a close up of a person on a plane with a caption
211972,training/memes/211972.jpeg,a man with a beard talking on a cell phone in a room
211973,training/memes/211973.jpeg,a picture of a man in a red coat talking on a cell phone
211974,training/memes/211974.jpeg,a picture of a woman is talking to a man in a room
211975,training/memes/211975.jpeg,a picture of a woman in a kitchen with a funny caption
211976,training/memes/211976.jpeg,"a man in a leather jacket holding a microphone and saying, woman logic if he's not"
211977,training/memes/211977.jpeg,a close up of a person pointing a finger at something
211978,training/memes/211978.jpeg,there are two women in bikinis posing for a picture
211979,training/memes/211979.jpeg,cartoon of a man and a woman with a brain map
211980,training/memes/211980.jpeg,a close up of a person in a suit and tie with a caption
211981,training/memes/211981.jpeg,a picture of a woman is talking to a man about a laptop
211982,training/memes/211982.jpeg,a woman laying on a couch next to a man in a suit
211983,training/memes/211983.jpeg,newton's third law of emotion for every male action there is a female overrection
211984,training/memes/211984.jpeg,arafed woman with a smile and a caption saying women's logic no means yes
211985,training/memes/211985.jpeg,woman with a funny expression on her face saying women's logic
211986,training/memes/211986.png,arafish hair is a hair stylist that uses a hair straightener
211987,training/memes/211987.jpeg,a comic strip with a cartoon of a woman and a man
211988,training/memes/211988.jpeg,two pictures of a man with a funny face and a woman with a funny face
211989,training/memes/211989.jpeg,a close up of a woman with a face drawn on a computer
211990,training/memes/211990.jpeg,a close up of a woman with a cell phone in her hand
211991,training/memes/211991.jpeg,a cartoon picture of a woman with a hat and a man with a beard
211992,training/memes/211992.jpeg,woman pointing at a cat with a knife and fork in front of her
211993,training/memes/211993.jpeg,a woman in a pink shirt is talking to a man
211994,training/memes/211994.jpeg,"kermile the frog drinking tea and saying, if they really want to be able to be"
211995,training/memes/211995.jpeg,there is a man sitting at a table with a sign on it
211996,training/memes/211996.jpeg,a woman with pink hair and a white jacket is shown in three different pictures
211997,training/memes/211997.jpeg,a cartoon of a man with a red shirt and a red shirt
211998,training/memes/211998.jpeg,a cartoon image of a man in a lab coat with a red hand
211999,training/memes/211999.jpeg,"arafed woman with dreadlocks and a hat on with caption saying, believes"
212000,training/memes/212000.jpeg,a close up of a child with a caption on it
212001,training/memes/212001.jpeg,arafed man in a white shirt and a mask on his face
212002,training/memes/212002.jpeg,arafed man in blue shirt looking at camera with words on it
212003,training/memes/212003.jpeg,arafed image of a man in a suit pointing at something
212004,training/memes/212004.jpeg,yodak meme - jack you look like this bitch
212005,training/memes/212005.jpeg,a picture of a woman with a funny face and a caption of a woman with a funny
212006,training/memes/212006.jpeg,a close up of two pictures of a sloth with a caption of a sloth
212007,training/memes/212007.jpeg,spongebob meme - she looks like every other bitch like
212008,training/memes/212008.jpeg,a close up of a person holding a microphone with a caption
212009,training/memes/212009.jpeg,a close up of a child in a car seat with a caption
212010,training/memes/212010.jpeg,"yoda meme with a caption saying, much but hurt i sense in you cry like"
